dwc:materialSampleID	ggbn:geneticAccessionNumber	ggbn:marker	ggbn:consensusSequence
PNGTY1047-14		COI-5P	TTATACCTATTATAATTGGAGGATTTGGAAATTGATTAGTACCTTTAATATTAGGAGCCCCTGATATGGCTTTCCCCCGAATAAATAATATAAGTTTTTGATTACTTCCTCCCTCCATCACTTTATTAATTTCAAGAAGAATTGTAGAAAATGGAGCAGGAACT
PNGTY1070-14		COI-5P	TTATACCAATTATAATTGGAGGATTTGGAAATTGATTAGTACCTTTAATATTAGGAGCTCCAGATATAGCTTTCCCTCGAATAAATAATATAAGATTTTGATTATTACCCCCATCTATTACTCTTTTAATCTCAAGAAGAATTGTAGAAAATGGAGCAGGAACT
PNGTY1098-14		COI-5P	TTATACCTATTATAATTGGAGGATTTGGAAATTGATTAGTACCTTTAATATTAGGAGCTCCAGATATAGCTTTCCCCCGTATAAATAATATAAGATTTTGATTACTACCCCCATCCATTACTTTATTAATTTCAAGAAGAATTGTTGAAAATGGAGCTGGTACT
PNGTY1106-14		COI-5P	TAATACCTATTATAATTGGAGGATTCGGAAATTGATTAGTTCCATTAATATTAGGTGCTCCTGATATAGCTTTCCCTCGAATAAATAATATAAGATTTTGATTACTTCCCCCTTCAATCACTCTTTTAATTTCTAGAAGAATTGTTGAAAATGGAGCTGGAACT
PNGTY1124-14		COI-5P	TAATGCCAATTATAATTGGAGGATTTGGAAATTGATTAGTACCTTTAATGTTAGGGGCCCCTGATATAGCTTTCCCCCGAATAAATAATATAAGATTTTGATTATTACCCCCCTCTATTACTCTATTAATTTCAAGAAGAATTGTAGAAAATGGAGCTGGAACA
PNGTY142-12		COI-5P	NNNNNNNNNNNNNNNNNNNNNNNNNNNNNNNNNNNNNNNNNNNNNNNNNNNNNNNNNNNNNNNNNNNNNNNNNNNNNNNNNNNNNNNNNNNNNNNNNNNNNNNNNNNNNNNNNNNNNNNNNNNNNNNNNNNNNNNNNNNNNNNNNNNNNNNNNNNNNNNNNNNNNNNNNNNNNNNNNNNNNNNNNNNNNNNNNNNNNNNNNNNNNNNNNNNNNNNNNNNNNNNNNNNNNNNTTTCCCCCGAATAAATAATATAAGATTTTGACTACTGCCACCATCTATTACACTTTTAATTTCAAGAAGAATTGTAGAAAATGGGGCCGGTACANNNNNNNNNNNNNNNNNNNNNNNNNNNNNNNNNNNNNNNNNNNNNNNNNNNNNNNNNNNNNNNNNNNNNNNNNNNNNNNNNNNNNNNNNNNNNNNNNNNNNNNNNNNNNNNNNNNNNNNNNNNNNNNNNNNNNNNNNNNNNNNNNNNNNNNNNNNNNNNNNNNNNNNNNNNNNNNNNNNNNNNNNNNNNNNNNNNNNNNNNNNNNNNNNNNNNNNNNNNNNNNNNNNNNNNNNNNNNNNNNNNNNNNNNNNNNNNNNNNNNNNNNNNNNNNNNNNNNNNNNNNNNNNNNNNNNNNNNNNNNNNNNNNNNNNNNNNNNNNNNNNNNNNNNNNNN
PNGTY158-12		COI-5P	NNNNNNNNNNNNNNNNNNNNNNNNNNNNNNNNNNNNNNNNNNNNNNNNNNNNNNNNNNNNNNNNNNNNNNNNNNNNNNNNNNNNNNNNNNNNNNNNNNNNNNNNNNNNNNNNNNNNNNNNNNNNNNNNNNNNNNNNNNNNNNNNNNNNNNNNNNNNNNNNNNNNNNNNNNNNNNNNNNNNNNNNNNNNNNNNNNNNNNNNNNNNNNNNNNNNNNNNNNNNNNNNNNNNNNNCTTCCCCCGAATAAATAACATAAGATTCTGACTATTACCACCCTCAATTACACTTTTAATTTCAAGAAGAATTGTAGAAAATGGAGCAGGAACCNNNNNNNNNNNNNNNNNNNNNNNNNNNNNNNNNNNNNNNNNNNNNNNNNNNNNNNNNNNNNNNNNNNNNNNNNNNNNNNNNNNNNNNNNNNNNNNNNNNNNNNNNNNNNNNNNNNNNNNNNNNNNNNNNNNNNNNNNNNNNNNNNNNNNNNNNNNNNNNNNNNNNNNNNNNNNNNNNNNNNNNNNNNNNNNNNNNNNNNNNNNNNNNNNNNNNNNNNNNNNNNNNNNNNNNNNNNNNNNNNNNNNNNNNNNNNNNNNNNNNNNNNNNNNNNNNNNNNNNNNNNNNNNNNNNNNNNNNNNNNNNNNNNNNNNNNNNNNNNNNNNNNNNNNNNNN
PNGTY1821-15	KR070764	COI-5P	TACTTTATATTTTATTTTTGGAATTTGAGCAGGAATAATTGGAACTTCTTTAAGTTTATTAATTCGAGCAGAATTAGGAAATCCAGGATCTTTAATTGGGGATGATCAAATTTATAATACAATTGTAACAGCTCATGCATTTATTATAATTTTTTTCATAGTAATACCAATTATAATTGGGGGATTTGGTAATTGATTAGTTCCATTAATATTAGGAGCCCCAGATATAGCTTTCCCTCGAATAAATAATATAAGATTTTGATTATTACCACCTTCTATCATACTTTTAATTTCAAGAAGAATTGTAGAAAATGGAGCTGGTACAGGATGAACAGTATACCCACCCCTATCTTCTAATATCGCTCATGGAGGAAGATCAGTAGACTTAGCTATTTTCTCCTTACATTTAGCTGGTATTTCATCAATTTTAGGAGCTATTAATTTTATTACAACAATCATTAATATACGATTAAATAACTTATCATTTGATCAAATACCATTATTTGTATGAGCAGTAGGAATTACAGCATTTCTTTTATTACTATCATTACCAGTTTTAGCTGGAGCTATTACCATACTTTTAACTGATCGAAATTTAAATACTTCATTTTTTGATCCTGCAGGAGGAGGAGATCCAATTTTATATCAACACTTATTT
PNGTY1822-15	KR070770	COI-5P	AACATTATACTTTATTTTTGGAATTTGAGCAGGTATAGTAGGAACTTCTTTAAGATTACTAATTCGAGCTGAATTAGGTAATCCAGGATCTTTAATTGGAGATGATCAAATTTATAATACAATTGTAACTGCCCACGCTTTTATTATAATTTTTTTTATGGTAATACCAATTATAATTGGAGGATTTGGAAATTGATTAGTACCCCTAATACTGGGAGCCCCTGACATAGCCTTCCCCCGAATAAATAATATAAGATTTTGACTTCTTCCCCCTTCTATTACTCTATTAATTTCTAGAAGAATTGTAGAAAATGGAGCTGGAACAGGATGAACAGTTTANCCCCCTTTATCTTCTAATATCGCCCACGGCGGAAGATCAGTAGATTTAGCAATTTTTTCTTTACATTTAGCTGGTATTTCATCTATTTTAGGAGCAATTAATTTTATTACAACTATTATTAACATACGATTAAATAATTTATCATTTGACCAAATACCATTATTTGTTTGAGCTGTGGGAATTACAGCATTCTTACTACTTTTATCTCTACCAGTATTAGCTGGAGCTATTACTATATTACTAACAGACCGAAATTTAAATACATCATTTTTTGACCCTGCTGGAGGAGGTGATCCAATTCTTTATCAACATTTATTT
PNGTY1823-15	KR070768	COI-5P	AACATTATACTTTATTTTTGGTATTTGAGCTGGAATAGTGGGAACTTCTTTAAGATTATTAATTCGAGCAGAATTAGGTAATCCAGGATCATTAATTGGAGATGATCAAATTTATAATACTATTGTAACTGCTCATGCTTTTATTATAATTTTTTTTATAGTTATACCAATTATAATTGGAGGATTTGGAAATTGATTAGTCCCATTAATATTAGGGGCTCCAGATATAGCTTTTCCTCGAATAAACAATATAAGATTTTGATTACTCCCCCCCTCACTTACTTTATTAATTTCTAGAAGAATTGTTGAAAATGGGGCTGGTACAGGTTGAACAGTTTACCCCCCTTTATCTTCTAATATTGCTCATGGAGGAAGCTCTGTAGATCTGGCAATTTTTTCTCTTCATTTAGCTGGTATTTCTTCAATTTTAGGAGCTATTAATTTTATTACAACTATTATTAATATACGATTAAATAATTTATCCTTTGATCAAATACCTTTATTTGTTTGAGCTGTAGGAATTACAGCATTTTTATTATTATTATCTTTGCCAGTATTAGCTGGAGCTATCACTATATTACTAACTGATCGAAATTTAAATACTTCATTTTTTGATCCTGCGGGAGGAGGAGATCCAATTCTTTATCAACATCTATTT
PNGTY1824-15	KR070785	COI-5P	AACTATATATTTTATTTTTGGAATTTGAGCAGGAATAATTGGAACTTCATTAAGATTATTAATTCGAGCTGAATTAGGAACTCCCGGATCTTTAATTGGAGATGATCAAATTTATAATACTATTGTTACAGCTCATGCTTTTATTATAATTTTTTTTATAGTTATACCTATTATAATTGGAGGATTTGGAAATTGATTAGTACCTTTAATATTAGGAGCTCCAGATATAGCTTTCCCCCGTATAAATAATATAAGATTTTGATTACTACCCCCATCCATTACTTTATTAATTTCAAGAAGAATTGTTGAAAATGGAGCTGGTACTGGATGAACTGTNNNNNNNNNNNNNNNNNNNNNNNNNNNNNNNNNNNNNNNNNNNNNNNNNNNNNNNNNNNNNNNNNNNNNNNNNNNNNNNNNNNNNNNNNNNNNNNNNNNNNNNNNNNNNNNNNNNNNNNNNNNNNNNNNNNNNNNNNNNNNNNNNNNNNNNNNNNNNNNNNNNNNNNNNNNNNNNNNNNNNNNNATTACGGCATTCTTACTTTTATTATCTTTACCTGTTTTAGCTGGAGCTATTACTATACTTTTAACAGATCGAAACCTTAATACATCATTTTTTGATCCTGCTGGTGGAGGGGATCCAATTTTATACCAACATTTATTT
PNGTY1825-15	KR070786	COI-5P	AACATTATATTTTATTTTTGGTATTTGAGCTGGAATAGTAGGAACTTCTTTAAGTTTATTAATTCGAGCTGAATTAGGTAATCCAGGATCATTAATTGGTGATGATCAAATTTATAACACTATTGTCACTGCTCATGCTTTTATTATAATTTTTTTTATAGTTATACCTATTATAATTGGAGGATTTGGAAATTGATTAGTACCTTTAATATTAGGAGCTCCAGATATAGCATTTCCACGAATAAATAATATAAGATTTTGATTACTTCCACCTTCAATTACTCTATTAATTTCTAGAAGAATTGTTGAAAATGGAGCTGGTACAGGTTGAACAGTATATCCACCTTTATCTTCTAATATTGCTCATGGAGGAACTTCTGTAGATTTAGCAATTTTTTCTTTACATTTAGCTGGAATTTCATCAATTTTAGGAGCTATTAATTTTATTACTACAATTATTAATATACGACTAAATAACTTATCATTTGATCAAATACCTTNNNNNNNNNNNNNNNNNNNNNNNNCTGCATTTTTATTATTATTATCTTTACCAGTATTAGCTGGAGCTATTACCATATTATTAACAGATCGAAATTTAAATACATCATTTTTTGATCCTGCTGGAGGAGGAGATCCAATTCTTTATCAACACTTATTT
PNGTY1826-15	KR070769	COI-5P	TACTTTATATTTTATTTTTGGAATTTGAGCAGGTATAATTGGAACTTCACTAAGATTACTAATTCGAGCTGAATTAGGAACCCCCGGATCTTTAATTGGAGATGATCAAATTTATAATACCATTGTTACAGCTCATGCTTTTATTATAATTTTTTTTATAGTAATACCTATTATAATTGGAGGATTCGGAAATTGATTAGTTCCATTAATATTAGGTGCTCCTGATATAGCTTTCCCTCGAATAAATAATATAAGATTTTGATTACTTCCCCCTTCAATCACTCTTTTAATTTCTAGAAGAATTGTTGAAAATGGAGCTGGAACTGGATGAACAGTTTATCCCCCTCTTTCCTCTAATATTGCCCATGGAGGAAGATCTGTTGATTTAGCAATTTTTTCTTTACATTTAGCTGGAATTTCCTCAATTTTAGGTGCAATTAATTTTATTACTACTATTATTAATATACGATTAAATAATATATTTTTTGATCAATTACCTTTATTTGTATGAGCTGTAGGTATTACAGCCTTTTTACTTTTACTATCACTACCTGTTTTAGCTGGAGCTATTACTATATTATTAACAGATCGAAATCTTAATACATCATTTTTTGATCCTGCTGGTGGAGGAGATCCAATTTTATACCAACATTTATTT
PNGTY1827-15	KR070771	COI-5P	AACATTATACTTTATTTTTGGAATTTGAGCAGGTATAGTAGGAACTTCTTTAAGATTACTAATTCGAGCTGAATTAGGTAATCCAGGATCTTTAATTGGAGATGATCAAATTTATAATACAATTGTAACAGCCCATGCTTTTATTATAATTTTTTTTATAGTTATACCCATTATAATTGGAGGATTTGGTAATTGATTAGTACCCCTAATATTAGGTGCCCCAGATATAGCATTCCCACGAATAAATAATATAAGATTTTGATTATTACCTCCTTCTATTACCCTTTTAATTTCTAGAAGAATTGTAGAAAATGGAGCTGGAACTGGATGAACAGTTTACCCACCTTTATCTTCTAATATTGCTCATGGAGGAAGCTCAGTAGATTTAGCTATTTTTTCCYTACATTTAGCAGGTATTTCATCTATTTTAGGAGCTATTAATTTTATTACAACTATTATTAATATACGATTAAATAGTATATCATTTGATCAGATACCTTTATTTGTGTGAGCTGTAGGAATTACAGCATTTTTATTATTATTATCTTTACCAGTATTAGCTGGTGCTATTACCATACTTCTTACAGATCGTAATTTAAATACATCCTTTTTTGATCCTGCTGGAGGAGGAGATCCAATTTTATATCAACATTTATTT
PNGTY1828-15	KR070763	COI-5P	AACATTATATTTTATTTTTGGAATTTGAGCAGGAATAGTTGGAACTTCTTTAAGTTTACTTATTCGAGCAGAATTAGGTAATCCAGGATCTTTAATTGGAGATGACCAAATTTATAATACTATTGTTACAGCTCATGCTTTTATTATAATTTTTTTTATAGTTATACCAATTATAATTGGTGGATTTGGTAATTGATTAGTTCCTTTAATATTAGGAGCTCCTGACATAGCATTCCCTCGAATAAATAATATAAGATTTTGATTACTTCCTCCTTCTCTTACTCTTTTAATTTCAAGTAGCATTGTCGAAAACGGAGCAGGAANNNNNNNNNNNNNNNNNNNNNNNNNNNNNNNNNNNNNNNNNNNNNNNNNNNNNNNNNNNNNNNNNNNNNNNNNNNNNNNNNNNNNNNNNGGAATTTCTTCAATTTTAGGAGCAATTAATTTTATTACTACAATCATTAATATACGACTTAATAACATATCATTTGATCAAATACCTTTATTTGTATGAGCTGTTGGAATTACTGCATTTCTATTACTTTTATCTTTACCAGTATTAGCCGGAGCTATTACTATATTATTAACTGACCGTAATTTAAATACATCTTTTTTTGACCCTGCAGGAGGAGGAGATCCTATTCTTTATCAACATTTATTT
PNGTY1829-15	KR070775	COI-5P	AACTTTATATTTTATTTTTGGAATTTGAGCAGGTATAATTGGAACTTCTTTAAGATTACTAATTCGAGCTGAATTAGGAACCCCCGGATCTTTAATTGGAGATGACCAAATTTATAATACTATTGTTACTGCCCATGCTTTTATTATANNNNNNNNNNNNNNNNNNNNNNNNNNNNNNNNNNNNNNNNNNAATTGATTAGTACCTTTAATATTAGGTGCCCCAGACATAGCTTTCCCACGAATAAATAATATAAGATTTTGATTACTCCCCCCCTCAATTACTCTTTTAATTTCAAGAAGAATTGTTGAAAATGGAGCTGGAANNNNNNNNNNNNNNNNNNNNNNNNNNNNNNNNNNNNNNNNNNNNNNNNNNNNNNNNNNNNNNNNNNNNNNNNNNNNNNNNNNNNNNNNNNNNNNNNNNNNNNNNNNNNNNNNNNNNNNNNNNNNNNNNNNNNNNNNNNNNNNNNNNNNNNNNNNNNNNNNNNNNNNNNNNNNNNNNNNNNNNNNNNNNNNNNNNNNNATTACAGCTTTTTTACTTCTACTTTCTTTACCTGTATTAGCAGGAGCTATTACCATACTTCTTACAGATCGAAATCTTAATACATCATTTTTTGACCCTGCTGGTGGGGGAGACCCAATTTTATATCAACACTTATTT
PNGTY1830-15	KR070765	COI-5P	NNNNNNNNNNNNNNNNNNNNNNNNNNNNNNNNNNNNNNNNNNNNNNNNNNNNNNNNNNNNNNNNNNNNNNNNNNNNNNNNNNNNNNNNNNNNNNNNNNNNNNNNNNNNNNNNNNNAATACTATTGTAACAGCGCATGCTTTTATTATAATTTTCTTTATAGTAATGCCTATTATAATTGGAGGATTTGGTAATTGATTAGTACCTCTTATACTTGGAGCCCCTGATATAGCCTTTCCACGAATAAATAATATGAGATTTTGACTTTTACCCCCATCTATTACTCTTCTAATTTCTAGTAGAATCGTAGAAAATGGAGCAGGAANNNNNNNNNNNNNNNNNNNNNNNNNNNNNNNNNNNNNNNNNNNNNNNNNNNNNNNNNNNNNNNNNNNNNNNNNNNNNNNNNNNNNNNNNGGTATTTCATCAATTTTAGGAGCTATTAATTTTATTACAACAATTATTAATATGCGATTAAATAATTTATCATTTGATCAAATACCTTTATTTGTTTGAGCAGTAGGAATTACTGCATTTTTATTACTACTTTCATTACCAGTTCTAGCCGGAGCCATTACTATATTACTCACAGATCGAAACTTAAATACTTCTTTTTTTGACCCTGCAGGAGGGGGAGACCCTATTTTATACCAACATTTATTT
PNGTY1831-15	KR070778	COI-5P	AACTTTATATTTTATTTTTGGAATTTGAGCAGGAATAATTGGAACTTCTTTAAGTTTATTAATTCGTGCTGAATTAGGAAACCCCGGTTCTTTAATTGGAGATGATCAAATTTATAATACAATCGTTACAGCTCATGCTTTTATTATAATTTTTTTTATGGTTATACCAATTATAATTGGAGGTTTTGGAAATTGATTAGTTCCTTTAATATTAGGAGCTCCTGATATAGCTTTCCCCCGAATAAATAATATAAGATTTTGACTACTGCCACCATCTATTACACTTTTAATTTCAAGAAGAATTGTAGAAAATGGGGCCGGNNNNNNNNNNNNNNNNNNNNNNNNNNNNNNNNNNNNNNNNNNNNNNNNNNNNNNNNNNNNNNNNNNNNNNNNNNNNNNNNNNNNNNNNNNNNNNNNNNNNNNNNNNNNNNNNNNNNNNNNNNNNNNNNNNNNNNNNNNNNNNNNNNNNNNNNNNNNNNNNNNNNNNNNNNNNNNNNNNNNNNNNNNNNNNNNNNNNNNNATTACAGCCTTTTTACTTTTACTTTCTTTACCAGTTCTAGCTGGGGCAATTACAATATTATTAACAGATCGAAATTTAAATACTTCATTTTTTGATCCAGCAGGAGGAGGAGATCCTATTCTTTACCAACATTTATTT
PNGTY1832-15	KR070766	COI-5P	AACATTATATTTCATTTTTGGAATTTGAGCTGGAATAGTAGGAACTTCTTTAAGTTTATTAATTCGAGCTGAATTAGGTACCCCTGGATCTTTAATTGGTGATGATCAAATTTATAATACTATTGTAACTGCACATGCTTTTATTATAATTTTTTTTATAGTTATACCTATTATAATTGGGGGATTTGGAAATTGATTAGTACCATTAATATTAGGAGCTCCTGATATAGCTTTCCCACGAATAAATAACATAAGATTTTGANNNNNNNNNNNNNNNNNNNNNNNNNNNNNNNNNNNNNNNNNNNNNNNNNNNNNAGCTGGTACAGGGTGAACCGTTTACCCACCTTTATCTTCTAATATCGCTCACGGAGGAAGTTCTGTTGATTTAGCCATTTTTTCCTTACACTTAGCTGGTATTTCTTCAATTNNNNNNNNNNNNNNNNNNNNNNNNNNNNNNNNNNNNNNNNNNNNNNNNNNNNNNNNNNNNNNNNNNNNNNNNNNNNNNNNNNNNNNNNNNNGAATTACAGCATTTTTATTATTACTTTCTTTACCTGTTTTAGCTGGGGCTATTACTATATTATTAACAGATCGAAATTTAAATACATCATTTTTTGACCCTGCTGGAGGAGGAGATCCAATTCTTTATCAACATTTATTT
PNGTY1833-15	KR070773	COI-5P	AACATTATATTTTATTTTTGGAATTTGAGCAGGAATAATTGGAACTTCTTTAAGTTTATTAATTCGAGCTGAATTAGGAAATCCTGGATCATTAATTGGTGACGATCAAATTTATAATACAATTGTAACTGCTCATGCTTTTATTATAATTTTTTTTATAGTAATGCCAATTATAATTGGAGGATTTGGAAATTGATTAGTACCTTTAATGTTAGGGGCCCCTGATATAGCTTTCCCCCGAATAAATAATATAAGATTTTGATTATTACCCCCCTCTATTACTCTATTAATTTCAAGAAGAATTGTAGAAAATGGAGCTGGAACAGGATGAACAGTTTACCCCCCTCTTTCTTCTAATATTGCTCATGGAGGAAGTTCTGTAGATTTAGCTATTTTTTCATTACATTTAGCAGGTATTTCTTCAATTTTAGGTGCAATTAATTTTATTACAACTATTATTAATATACGATTAAATAATATATTTTTTGATCAATTACCTTTATTTGTATGAGCTGTTGGAATTACAGCATTTCTTTTACTTTTATCATTACCAGTACTTGCTGGAGCAATTACTATATTATTAACAGATCGAAATTTAAATACATCATTTTTTGATCCTGCTGGAGGAGGAGACCCTATTCTTTATCAACATTTATTT
PNGTY1834-15	KR070772	COI-5P	AACCTTATATTTTATTTTTGGAATTTGAGCTGGAATAATTGGAACTTCATTAAGATTACTAATTCGAGCTGAATTAGGAACCCCCGGATCTTTAATTGGAGATGATCAAATTTATAATACTATTGTTACGGCACATGCTTTCATTATAATTTTTTTTATAGTTATACCAATTATAATTGGAGGATTTGGAAATTGATTAGTACCTTTAATATTAGGAGCTCCAGATATAGCTTTCCCTCGAATAAATAATATAAGATTTTGATTATTACCCCCATCTATTACTCTTTTAATCTCAAGAAGAATTGTAGAAAATGGAGCAGGAACTGGATGAACAGTTTATCCCCCACTTTCATCCAATATTGCTCACGGAGGAAGATCTGTAGATTTAGCTATTTTTTCTTTACATTTAGCTGGAATTTCNTCTATTTTAGGTGCAATTAATTTTATTACAACTATTTTTAATATACGATTAAATAAAATATTTTTTGACCAATTACCATTATTTGTGTGAGCTGTCGGAATTACAGCATTTTTACTTTTATTATCATTACCTGTTTTAGCAGGTGCCATTACTATACTTTTAACAGATCGAAATCTTAATACATCATTTTTTGATCCTGCTGGAGGAGGAGATCCAATTTTATACCAACATTTATTT
PNGTY1835-15	KR070781	COI-5P	AACTCTGTACTTTATTTTCGGTATTTGAGCCGGAATAGTAGGAACTTCACTAAGATTATTAATTCGAGCAGAATTAGGAAACCCAGGATCATTAATTGGCGATGATCAAATTTACAATACTATTGTAACCGCTCACGCTTTTATTATAATTTTTTTCATGGTTATACCAATTATAATCGGAGGATTTGGAAATTGATTAGTACCTCTGATATTAGGAGCCCCAGATATAGCATTTCCACGAATAAATAATATAAGATTCTGATTGTTGCCCCCATCAATCACCCTTTTAATTTCTAGAAGAATCGTCGAAAATGGGGCAGGAACNNNNNNNNNNNNNNNNNNNNNNNNNNNNNNNNNNNNNNNNNNNNNNNNNNNNNNNNNNNNNNNNNNNNNNNNNNNNNNNNNNNNNNNNGGTATTTCATCAATTTTAGGGGCAATCAATTTTATCACAACAATCATCAATATACGATTGAATAACCTATCATTTGATCAAATACCTTTATTTGTGTGAGCTGTAGGTATTACAGCATTCTTATTATTACTATCATTACCAGTATTAGCCGGAGCTATCACTATACTACTAACAGATCGAAATTTAAATACTTCTTTTTTTGACCCGGCAGGAGGGGGGGATCCTATTCTTTATCAACACTTATTT
PNGTY1836-15	KR070777	COI-5P	AACATTATATTTTATTTTTGGTATTTGAGCTGGAATAGTAGGAACTTCTTTAAGATTATTAATTCGAGCAGAATTAGGAAACCCCGGCTCATTAATTGGGGATGATCAAATTTATAATACTATTGTAACTGCTCATGCTTTTATTATAATTTTCTTCATAGTAATGCCTATTATAATTGGAGGATTTGGAAATTGATTAATTCCTTTAATATTAGGAGCCCCTGATATAGCTTTCCCTCGAATAAACAATATAAGATTTTGATTACTACCCCCCTCTATTACTCTTCTTATTTCCAGAAGAATCGTAGAAAATGGAACTGGAACTGGATGAACAGTCTACCCCCCTTTATCTTCTAATATCAGTCATGGAGGATGTTCTGTAGATTTAGCAATCTTCTCTTTACATTTAGCAGGTATTTCTTCTATTTTAGGAGCTATCAATTTTATTACAACAATTATTAACATACGATTAAATAACTTATCATTTGATCAAATACCTTTATTCGTATGAGCTGTTGGAATTACAGCATTTTTATTATTATTATCTTTGCCAGTATTAGCAGGAGCTATTACTATATTATTAACTGATCGAAATTTAAATACATCATTTTTTGACCCTGCTGGAGGAGGAGACCCTATTTTATACCAACATTTATTT
PNGTY1837-15	KR070780	COI-5P	AACATTATATTTCATTTTTGGAATTTGAGCTGGAATAGTAGGAACTTCTTTAAGTTTATTAATTCGAGCTGAATTAGGTACCCCTGGATCTTTAATTGGTGATGATCAAATTTATAATACAATTGTAACTGCTCATGCTTTTATTATAATTTTTTTTATAGTAATACCTATTATAATTGGAGGATTTGGAAATTGGTTAGTTCCTCTAATATTAGGAGCTCCTGATATGGCTTTCCCGCGAATAAATAATATAAGATTTTGATTATTACCCCCCTCTATTACTCTATTAATTTCCAGAAGAATTGTAGAAAACGGAGCTGGTACTGGTTGAACAGTTTACCCTCCWTTATCTTCTAATATTGCACACGGTGGAAGTTCAGTAGATTTAGCTATTTTTTYTYTWCATTTAGCCGGAATTTCATCAATTTTAGGAGCTATTAATTTTATCACAACAATTATTAATATACGATTAAATAATTTATCATTTGATCAAATACCATTATTTGTATGAGCTGTAGTAATTACAGCATTTTTATTATTATTATCTTTACCTGTTTTAGCCGGAGCTATTACAATATTATTAACTGACCGAAATTTAAATACATCATTTTTTGATCCTGCTGGAGGAGGAGACCCAATTCTTTACCAACATTTATTT
PNGTY1838-15	KR070787	COI-5P	AACTTTGTATTTTATTTTTGGTATTTGAGCAGGTATAATTGGAACATCTCTAAGATTGTTAATTCGAGCAGAATTAGGAAATCCAGGATCATTAATTGGAGACGATCAAATTTATAATACAATTGTAACAGCTCATGCTTTTATTATAATTTTTTTTATAGTTATGCCAATTATAATTGGGGGATTTGGTAATTGATTAGTACCCCTAATATTGGGAGCCCCTGATATAGCCTTCCCCCGAATAAATAACATAAGATTCTGACTATTACCACCCTCAATTACACTTTTAATTTCAAGAAGAATTGTAGAAAATGGAGCAGGAANNNNNNNNNNNNNNNNNNNNNNNNNNNNNNNNNNNNNNNNNNNNNNNNNNNNNNNNNNNNNNNNNNNNNNNNNNNNNNNNNNNNNNNNNGGTATCTCCTCAATTTTAGGAGCAATTAATTTTATCACAACTATTATTAATATGCGACTAAATAATATATTTTTTGATCAATTACCTTTATTTGTTTGAGCAGTAGGAATTACTGCATTTTTATTACTTTTATCTTTACCTGTTTTAGCTGGTGCAATTACTATGTTATTAACTGATCGAAATTTAAATACATCCTTTTTTGACCCTGCTGGAGGTGGAGATCCAATTCTTTATCAACATTTATTT
PNGTY1839-15	KR070779	COI-5P	AACATTATACTTTATTTTTGGTATTTGAGCAGGAATAGTAGGAACATCTTTAAGATTATTAATTCGAGCAGAATTAGGTAACCCCGGCTCATTAATTGGAGACGATCAAATTTATAATACTATTGTAACAGCACATGCTTTTATTATAATTTTTTTTATAGTTATACCCATTATAATTGGGGGATTTGGTAATTGATTAGTACCATTAATATTAGGAGCCCCTGATATAGCTTTCCCTCGAATAAATAACATAAGATTTTGATTATTGCCCCCCTCTATTACTTTATTAATTTCTAGAAGAATCGTAGAAAATGGAGCCGGAACAGGATGAACAGTATACCCCCCTTTATCCTCTTANATTGCCCATGGGGGCAGTTCAGTGGATTTAGCGATTTTTTCCTTACATTTAGCTGGTATTTCTTCAATTTTAGGAGCTATTAATTTTATTACAACAATTATTAACATACGTTTAAATAATCTATCATTTGATCAAATACCTTTATTTATTTGAGCTGTTGGAATTACAGCATTTTTATTATTACTTTCTTTACCAGTATTAGCTGGAGCTATTACAATATTATTAACAGATCGAAATTTAAATACTTCATTTTTTGACCCAGCAGGAGGGGGAGATCCAATTTTATATCAACACTTATTT
PNGTY1840-15	KR070782	COI-5P	AACATTATATTTTATTTTTGGAATTTGAGCAGGAATAATTGGAACATCTTTAAGTCTATTAATTCGAGCAGAATTAGGTAGCCCAGGATCTCTAATTGGAGACGATCAAATTTATAACACAATTGTAACAGCTCACGCATTTATTATAATTTTTTTTATAGTTATACCAATTATAATTGGAGGCTTTGGAAATTGATTAATTCCCTTAATATTAGGAGCTCCTGATATAGCCTTCCCACGAATAAATAATATAAGATTTTGATTATTACCACCCTCTATTACTCTTTTAATTTCTAGAAGAATTGTAGAAAATGGGGCCGGAACAGGATGAACAGTTTATCCACCTTTATCATCTAATATTGCCCACGGGGGAAGATCTGTAGATTTAGCAATTTTTTCACTTCATTTAGCTGGAATTTCATCTATTTTAGGGGCTATTAATTTTATTACAACAATTATTAATATACGCTTAAATAATCTCTCATTTGATCAAATACCACTATTCGTTTGAGCAGTAGGTATTACAGCTTTTTTATTATTACTCTCATTGCCTGTTTTAGCTGGTGCTATTACAATATTATTAACAGATCGAAATCTAAACACATCATTTTTTGACCCAGCGGGGGGAGGAGACCCAATTCTTTACCAACATTTATTT
PNGTY1841-15	KR070776	COI-5P	AACATTATATTTTATTTTTGGTATTTGAGCAGGTATAGTAGGAACTTCCTTAAGATTATTAATTCGAGCTGAATTAGGAAATCCAGGATCTTTAATTGGGGATGACCAAATTTATAACACTATTGTAACTGCACATGCTTTTATTATAATTTTTTTTATAGTAATGCCAATTATAATTGGAGGATTTGGTAATTGATTAGTACCATTGATATTAGGAGCTCCTGATATAGCTTTTCCACGTATAAATAATATAAGTTTTTGATTATTACCCCCCTCAATTACTCTTTTAATTTCTAGAAGAATTGTTGAAAATGGAGCAGGTACAGGTTGAACTGTTTACCCACCATTATCTTCTAATATTGCTCATGGAGGAAGATCTGTAGATTTAGCTATTTTTTCTTTACATTTAGCAGGAATTTCATCTATTCTTGGAGCCATTAATTTTATTACAACAATTATTAATATACGATTAAATAATTTATCATTTGATCAAATACCTTTATTTGTTTGAGCTGTAGGAATTACAGCATTTTTACTTTTATTATCTTTACCTGTACTAGCGGGAGCTATTACTATATTATTAACCGATCGAAACTTAAATACATCATTTTTTGATCCTGCAGGAGGAGGAGATCCAATTTTATATCAACATTTATTT
PNGTY1842-15	KR070774	COI-5P	AACATTATATTTTATTTTTGGTATTTGAGCAAGTATAGTGGGAACTTCCTTAAGATTATTAATTCGAGCTGAATTAGGCAACCCTGGATCTTTAATTGGAGATGATCAAATTTATAATACTATTGTCACTGCTCATGCTTTTGTTATAATTTTTTTTATAGTAATGCCAATTATAATTGGAGGATTCGGAAATTGACTAGTACCTTTAATATTGGGAGCCCCTGATATAGCTTTCCCACGAATAAATAATATAAGATTTTGATTATTACCTCCTTCAATTACTCTTTTAATTTCTAGAAGAATTGTAGAAAATGGAGCTGGAACTGGTTGAACAATTTACCCTCCTTTATCTTCTAATATAGCTCACGGAGGAAGCTCAGTAGATTTAGCAATTTTTTCTTTACATTTAGCAGGAATTTCTTCTATTTTAGGAGCTATTAACTTTATTACTACTATTATTAATATACGATTAAATAATTTATCATTTGATCAAATACCTTTATTTGTTTGAGCTGTTGGAATTACAGCATTTTTATTGTTATTATCTTTACCTGTACTAGCAGGAGCTATCACTATATTATTAACAGATCGAAATTTAAATACATCATTTTTTGACCCTGCTGGAGGAGGAGACCCTATTTTATACCAACATTTATTT
PNGTY1843-15	KR070767	COI-5P	NNNNNNNNNNNNNNNNNNNNNNNNNNNNNNNNNNNNNNNNNNNNNNNNNNNNNNNNNNNNNNNNNNNNNNNNNNNNNNNNNNNNNNNNNNNNNNATTGGTGATGATCAAATTTATAATACTATTGTTACTGCACATGCTTTTATTATAATTTTTTTTATAGTTATACCAATTATAATTGGAGGATTTGGAAATTGATTAGTACCTTTAATATTAGGAGCTCCTGATATGGCTTTCCCNNNNNNNNNNNNNNNNNNNNNNNNATTGCTACCTCCTTCAATTACTCTTTTAATTTCCAGAAGAATTGTAGAAAATGGAGCTGGGACTGGGTGAACAGTTTACCCGCCTCTATCCTCTAATATTGCTCATGGAGGAAGTTCAGTAGATTTAGCAATTTTTTCATTACATTTAGCAGGAATTTCTTCAATTTNNNNNNNNNNNNNNNNNNNNNNNNNNNNNNNNNNNNNNNNNNNNNNNNNNNNNNNNNNNNNNNNNNNNNNNNNNNNNNNNNNNNNNNNNNNNATTACAGCATTCTTATTATTACTATCATTACCTGTATTGGCAGGAGCTATTACTATACTTTTAACTGATCGAAATTTAAATACATCATTCTTTGACCCTGCTGGTGGAGGAGATCCTATTTTATACCAACATTTATTT
PNGTY1844-15	KR070762	COI-5P	AACATTATATTTTATTTTCGGAATTTGAGCAGGAATAATTGGTACTTCATTAAGATTATTAATTCGTGCTGAATTAGGAAATCCAGGATCATTAATTGGAGACGATCAAATTTATAATACTATTGTAACTGCACATGCTTTTATTATAATTTTTTTCATAGTTATACCTATTATAATCGGAGGATTTGGAAATTGATTAGTACCTTTAATATTAGGAGCGCCAGATATAGCTTTCCCACGAATAAATAATATAAGATTTTGACTATTACCACCATCTATTATTCTTTTAATTTCAAGAAGAATTGTAGAAAATGGGGCAGGAACAGGATGAACTGTTTATCCACCATTATCATCTAATATTGCTCATGGAGGAAGATCAGTAGATTTAGCTATTTTTTCTTTACATTTAGCTGGTATTTCATCAATTCTAGGAGCTATTAATTTTATTACAACAATTATTAACATAAAATTAAATAATTTATCATTTGACCAAATACCATTATTTGTTTGAGCTGTAGGAATTACAGCATTCTTATTATTATTATCATTACCAGTATTAGCAGGTGCAATCACTATATTATTAACAGATCGAAATTTAAATACATCATTTTTTGATCCCGCTGGAGGAGGAGATCCAATTTTATATCAACATTTATTT
PNGTY1845-15	KR070783	COI-5P	AACATTATATTTTATATTTGGAATTTGAGCTGGTATAATTGGAACTTCATTAAGATTACTAATTCGTGCTGAATTAGGAACCCCCGGATCTTTAATTGGAGATGATCAAATTTATAACACTATTGTTACAGCTCATGCTTTTATTATAATTTTTTTTATAGTTATACCTATTATAATTGGAGGATTTGGAAATTGATTAGTACCTTTAATATTAGGAGCCCCTGATATGGCTTTCCCCCGAATAAATAATATAAGTTTTTGATTACTTCCTCCCTCCATCACTTTATTAATTTCAAGAAGAATTGTAGAAAATGGAGCAGGAACNNNNNNNNNNNNNNNNNNNNNNNNNNNNNNNNNNNNNNNNNNNNNNNNNNNNNNNNNNNNNNNNNNNNNNNNNNNNNNNNNNNNNNNNGGAATTTCATCAATTTTAGGTGCAATTAATTTTATTACAACTATTATTAATATACGATTAAACAATATATTTTTTGATCAATTACCTTTATTTGTTTGAGCTGTAGGAATTACAGCTTTTTTATTATTATTATCTTTACCTGTTTTAGCAGGAGCTATCACTATACTTTTAACAGATCGTAATTTAAATACATCATTTTTTGATCCTGCTGGAGGAGGTGATCCAATTCTTTATCAACACTTATTT
PNGTY1846-15	KR070784	COI-5P	AACATTATATTTTATCTTTGGAATCTGAGCAGGAATAATTGGAACTTCATTAAGTTTACTAATCCGTGCAGAATTAGGAACACCAGGATCATTAATTGGAGATGATCAAATTTATAATACTATCGTAACAGCTCATGCTTTTATTATAATTTTTTTTATAGTTATACCAATTATAATTGGAGGATTTGGAAATTGATTAGTACCATTAATATTAGGAGCACCTGATATAGCATTCCCACGTATAAATAATATAAGATTTTGATTATTGCCACCATCTCTAACATTACTAATTTCAAGAAGAATTGTAGAAAATGGAGCAGGAANNNNNNNNNNNNNNNNNNNNNNNNNNNNNNNNNNNNNNNNNNNNNNNNNNNNNNNNNNNNNNNNNNNNNNNNNNNNNNNNNNNNNNNNNNNNNNNNNNNNNNNNNNNNNNNNNNNNNNNNNNNNNNNNNNNNNNNNNNNNNNNNNNNNNNNNNNNNNNNNNNNNNNNNNNNNNNNNNNNNNNNNNNNNNNNNNNNNNNNNNNNNNNNNNNNNNNNNNNNNNNNNNNNNNNNNNNNNNNNNNNNNNNNNNNNNNNNNNNNNNNNNNNNNNNNNNNNNNNNNNNNNNNNNNNNNNNNNNNNNNNNNNNNNNNNNNNNNNNNNNNNNNNNNNNNNNNN
PNGTY189-12		COI-5P	NNNNNNNNNNNNNNNNNNNNNNNNNNNNNNNNNNNNNNNNNNNNNNNNNNNNNNNNNNNNNNNNNNNNNNNNNNNNNNNNNNNNNNNNNNNNNNNNNNNNNNNNNNNNNNNNNNNNNNNNNNNNNNNNNNNNNNNNNNNNNNNNNNNNNNNNNNNNNNNNNNNNNNNNNNNNNNNNNNNNNNNNNNNNNNNNNNNNNNNNNNNNNNNNNNNNNNNNNNNNNNNNNNNNNNNATTTCCACGAATAAATAATATAAGATTCTGATTGTTGCCCCCATCAATCACCCTTTTAATTTCTAGAAGAATCGTCGAAAATGGGGCAGGAACTNNNNNNNNNNNNNNNNNNNNNNNNNNNNNNNNNNNNNNNNNNNNNNNNNNNNNNNNNNNNNNNNNNNNNNNNNNNNNNNNNNNNNNNNNNNNNNNNNNNNNNNNNNNNNNNNNNNNNNNNNNNNNNNNNNNNNNNNNNNNNNNNNNNNNNNNNNNNNNNNNNNNNNNNNNNNNNNNNNNNNNNNNNNNNNNNNNNNNNNNNNNNNNNNNNNNNNNNNNNNNNNNNNNNNNNNNNNNNNNNNNNNNNNNNNNNNNNNNNNNNNNNNNNNNNNNNNNNNNNNNNNNNNNNNNNNNNNNNNNNNNNNNNNNNNNNNNNNNNNNNNNNNNNNNNNNN
PNGTY381-13		COI-5P	-----------------------------------------------------------------------------------------------------------------------------------------------------------------TAATACCTATTATAATTGGAGGATTTGGAAATTGGTTAGTTCCTCTAATATTAGGAGCTCCTGATATGGCTTTCCCGCGAATAAATAATATAAGATTTTGATTATTACCCCCCTCTATTACTCTATTAATTTCCAGAAGAATTGTAGAAAACGGAGCTGGTACT---------------------------------------------------------------------------------------------------------------------------------------------------------------------------------------------------------------------------------------------------------------------------------------------------------------------------------------------
PNGTY404-13		COI-5P	-----------------------------------------------------------------------------------------------------------------------------------------------------------------TTATACCCATTATAATTGGAGGATTTGGTAATTGATTAGTACCCCTAATATTAGGTGCCCCAGATATAGCATTCCCACGAATAAATAATATAAGATTTTGATTATTACCTCCTTCTATTACCCTTTTAATTTCTAGAAGAATTGTAGAAAATGGAGCTGGAACT---------------------------------------------------------------------------------------------------------------------------------------------------------------------------------------------------------------------------------------------------------------------------------------------------------------------------------------------
PNGTY417-13		COI-5P	-----------------------------------------------------------------------------------------------------------------------------------------------------------------TTATACCAATTATAATTGGAGGATTTGGAAATTGATTAGTACCTTTAATATTAGGAGCTCCTGATATGGCTTTCCCACGAATAAATAATATAAGATTTTGATTGCTACCTCCTTCAATTACTCTTTTAATTTCCAGAAGAATTGTAGAAAATGGAGCTGGGACT---------------------------------------------------------------------------------------------------------------------------------------------------------------------------------------------------------------------------------------------------------------------------------------------------------------------------------------------
PNGTY466-13		COI-5P	-----------------------------------------------------------------------------------------------------------------------------------------------------------------TTATACCCATTATAATTGGGGGATTTGGTAATTGATTAGTACCATTAATATTAGGAGCCCCTGATATAGCTTTCCCTCGAATAAATAACATAAGATTTTGATTATTGCCCCCCTCTATTACTTTATTAATTTCTAGAAGAATCGTAGAAAATGGAGCCGGAACA---------------------------------------------------------------------------------------------------------------------------------------------------------------------------------------------------------------------------------------------------------------------------------------------------------------------------------------------
PNGTY473-13		COI-5P	-----------------------------------------------------------------------------------------------------------------------------------------------------------------TTATACCAATTATAATTGGAGGATTTGGAAATTGATTAGTCCCATTAATATTAGGGGCTCCAGATATAGCTTTTCCTCGAATAAACAATATAAGATTTTGATTACTCCCCCCCTCACTTACTTTATTAATTTCTAGAAGAATTGTTGAAAATGGGGCTGGTACA---------------------------------------------------------------------------------------------------------------------------------------------------------------------------------------------------------------------------------------------------------------------------------------------------------------------------------------------
PNGTY587-13		COI-5P	----------------------------------------------------------------------ATTCCCACGTATAAATAATATAAGATTTTGATTATTGCCACCATCTCTAACATTACTAATTTCAAGAAGAATTGTAGAAAATGGAGCAGGAACC
PNGTY639-13		COI-5P	----------------------------------------------------------------------TTTCCCACGAATAAATAATATAAGATTTTGATTATTACCTCCTTCAATTACTCTTTTAATTTCTAGAAGAATTGTAGAAAATGGAGCTGGAACT
PNGTY801-13		COI-5P	----------------------------------------------------------------------TTTCCCTCGAATAAACAATATAAGATTTTGATTACTACCCCCCTCTATTACTCTTCTTATTTCCAGAAGAATCGTAGAAAATGGAACTGGAACT
PNGTY917-13		COI-5P	----------------------------------------------------------------------CTTCCCACGAATAAATAATATAAGATTTTGATTATTACCACCCTCTATTACTCTTTTAATTTCTAGAAGAATTGTAGAAAATGGGGCCGGAACA
PNGTY923-13		COI-5P	----------------------------------------------------------------------TTTCCCTCGAATAAATAATATAAGATTTTGATTATTACCACCTTCTATCATACTTTTAATTTCAAGAAGAATTGTAGAAAATGGAGCTGGTACA
PNGTY957-13		COI-5P	----------------------------------------------------------------------TTTCCCACGAATAAATAATATAAGATTTTGACTATTACCACCATCTATTATTCTTTTAATTTCAAGAAGAATTGTAGAAAATGGGGCAGGAACA
PNGTY971-13		COI-5P	----------------------------------------------------------------------ATTCCCTCGAATAAATAATATAAGATTTTGATTACTTCCTCCTTCTCTTACTCTTTTAATTTCAAGTAGCATTGTCGAAAACGGAGCAGGAACA
