dwc:materialSampleID	ggbn:geneticAccessionNumber	ggbn:consensusSequence
JF312106	JF312106	CCTATACCTAATCTTTGGCGCCTGAGCAGGCATAGCAGGTACCGCCCTCAGCCTGCTCATTCGTGCAGAGCTCGGCCAACCAGGTACACTTCTAGGTGATGACCAAATCTATAACGTAATCGTCACCGCACATGCCTTTGTAATAATCTTCTTCATGGTCATACCAATTATAATCGGAGGATTCGGAAACTGACTCGTCCCACTCATAATTGGTGCCCCCGACATAGCCTTCCCACGTATAAACAACATAAGCTTCTGACTACTCCCCCCATCCTTTCTCCTATTACTAGCCTCCTCA
JF312149	JF312149	GCCTGAGCAGGCATAGCAGGTACCGCCCTCAGCCTGCTCATTCGTGCAGAGCTCGGCCAACCAGGTACACTTCTAGGTGATGACCAAATCTATAACGTAATCGTCACCGCACATGCCTTTGTAATAATCTTCTTCATGGTCATACCAATTATAATCGGAGGATTCGGAAACTGACTCGTCCCACTCATAATTGGTGCCCCCGACATAGCCTTCCCACGTATAAACAACATAAGCTTCTGACTACTCCCCCCATCCTTTCTCCTATTACTAGCCTCCTCA
JF312090	JF312090	CCTATACCTAATCTTTGGCGCCTGAGCAGGCATAGTAGGTACCGCCCTCAGCCTACTCATTCGTGCAGAACTCGGCCAACCAGGTACACTTCTAGGTGATGACCAAATCTACAATGTAATCGTCACCGCACATGCCTTTGTAATAATCTTCTTCATGGTCATACCAATTATAATCGGAGGATTCGGAAACTGACTCGTCCCACTCATAATTGGTGCCCCCGACATAGCCTTTCCACGTATAAACAATATAAGCTTCTGACTACTCCCCCCATCCTTTCTCCTCTTACTAGCCTCCTCA
JF312109	JF312109	CCTATACCTAATCTTTGGCGCCTGAGCAGGCATAGTAGGTACCGCCCTCAGCCTGCTCATCCGTGCAGAACTTGGCCAACCAGGTACACTTCTAGGCGATGACCAAATCTACAACGTAATCGTCACCGCACATGCCTTTGTAATAATCTTCTTCATGGTTATACCAATTATAATCGGAGGGTTCGGAAACTGACTCGTCCCACTCATAATTGGTGCCCCCGACATAGCCTTTCCACGTATAAACAATATAAGCTTCTGACTACTCCCCCCATCCTTTCTCCTCTTACTAGCCTCCTCAACAGTAGAAGCAGGAGCTGGCACAGGATGAACTGTTTATCCCCCATTAGCCAGCAACATAGCCCATGCTGGAGCCTCAGTAGACCTAGCCATCTTCTCCCTACACCTAGCCGGAATCTCATCCATCCTGGGGGCTATCAACTTTATTACAACTGCCATCAACATAAAACCACCAGCCCTCTCTCAATATCAAACACCCCTCTTTGTATGGTCTGTCCTCATCACCGCTGTCCTATTACTACTCTCACTCCCAGTCCTAGCTGCCGGCATTACCATACTACTTACAGACCGAAACCTCAACACAACATTCTTTGACCCTGCCGGTGGAGGTGACCCCATCCTATACCAACATCTCTTCTGATTCTTCGGACATCCTGAAGTCTATATCCTTATTCTT
JF312152	JF312152	CCTATACCTAATCTTTGGCGCCTGAGCAGGCATAGTAGGTACCGCCCTCAGCCTGCTCATCCGTGCAGAACTTGGCCAACCAGGTACACTTCTAGGCGATGACCAAATCTACAACGTAATCGTCACCGCACATGCCTTTGTAATAATCTTCTTCATGGTTATACCAATTATAATCGGAGGGTTCGGAAACTGACTCGTCCCACTCATAATTGGTGCCCCCGACATAGCCTTTCCACGTATAAACAATATAAGCTTCTGACTACTCCCCCCATCCTTTCTCCTCTTACTAGCCTCCTCA
JF312186	JF312186	CCTATACCTAATCTTCGGTGCTTGAGCCGGCATAGTCGGCACCGCCCTTAGCCTACTCATCCGCGCAGAACTTGGTCAACCAGGCACACTTCTAGGTGATGACCAAATCTATAACGTAATCGTCACCGCACATGCCTTTGTAATAATCTTCTTCATGGTCATGCCAATTATAATCGGAGGATTCGGAAACTGACTCGTCCCACTCATAATTGGTGCCCCCGACATAGCTTTCCCACGCATAAACAACATAAGCTTCTGGCTACTCCCCCCATCCTTCCTCCTCCTACTAGCTTCCTCAACAGTAGAAGCAGGAGCTGGTACAGGATGAACCGTTTATCCCCCATTAGCCAGCAACATAGCCCATGCTGGAGCCTCAGTAGACTTAGCCATCTTCTCTCTACACCTAGCCGGAATCTCATCCATCCTAGGAGCTATCAACTTCATCACAACCGCCATCAACATAAAGCCCCCAGCCCTCTCTCAATACCAAACACCCCTCTTCGTATGATCTGTTCTCATCACCGCCGTTCTACTATTACTTTCACTTCCCGTCCTAGCCGCCGGCATCACCATACTACTCACCGACCGAAACCTCAACACAACATTCTTCGACCCTGCCGGTGGAGGCGACCCCATCCTATACCAACATCTCTTCTGATTCTTTGGCCATCCTGAAGTTTACATCTTAATCCTA
JQ173889	JQ173889	CTATACCTAATCTTCGGTGCTTGAGCCGGCATAGTCGGCACCGCCCTTAGCCTACTCATCCGCGCAGAACTTGGCCAACCAGGCACACTTCTAGGTGATGACCAAATCTATAACGTAATCGTCACCGCACATGCCTTCGTAATAATCTTCTTCATGGTCATGCCAATTATAATCGGAGGATTCGGAAACTGACTCGTCCCACTCATAATTGGTGCCCCTGACATAGCTTTCCCACGCATAAACAACATAAGCTTCTGACTACTCCCCCCATCCTTCCTCCTCCTACTAGCTTCCTCAACAGTAGAAGCAGGAGCTGGCACAGGATGAACCGTTTATCCCCCGCTAGCCAGCAACATAGCCCATGCTGGGGCCTCAGTAGACTTAGCCATCTTCTCTCTACACCTAGCCGGAATCTCATCTATCCTAGGAGCTATCAACTTCATCACAACCGCCATCAACATAAAGCCCCCCGCCCTCTCTCAATACCAAACACCCCTCTTCGTATGATCTGTTCTCATCACCGCCGTTCTACTGTTACTTTCACTTCCCGTCCTAGCCGCCGGCATCACCATACTACTCACAGACCGAAACCTCAACACAACATTCTTCGACCCTGCCGGTGGAGGCGATCCCATCCTATACCAACATCTC
KP336714	KP336714	GTCCAAGTAGCTTACAATAAAGCATGGCACTGAAGATGCCAAGATGGCCCCACATCAGCCCATGGACAAAAGACTTAGTCCTAACCTTACTGTTAACTAGTGCTAAACATATACATGCAAGTATCCGCGCCCCAGTGTAAATGCCCTTAACTTCTTACTAAGACAACAGGAGCGGGTATCAGGCTCACTCACTCGACGTAGCCCAAAACGCCTTGCTTAGCCACACCCCCACGGGTACTCAGCAGTAATTAACATTAAGCAATAAGTGTAAACTTGACTTAGTTATAGCACTCATCCAGGGTCGGTAAATCTTGTGCCAGCCACCGCGGTCATACAAGAGACCCAAGCTAACAGCATCCGGCGTAAAGAGCGGGCTCATACTACCTAGGCAATTAGAATTAAATCGCAACTAAGCTGTCATAAGCCCAAGATGCGCCTAAAACCACCCCTAAAACGATCCTAATAACCCCATGGCAGACCAAACCCCGCGAAAGCCAGGGCTCAAACTGGGATTAGATACCCCACTATGCCTGGCCCTAAAACTTGGTACTTATTCTACCAAAGTATCCGCCCGAGAACTACGAGCACAAACGCTTGAAACTCTAAGGACTTGGCGGTGCCCCAAACCCACCTAGAGGAGCCTGTTCTATAATCGATAACCCACGCTACACCCCACCACTCCTCGCCCAAGCAGCCTACATACCGCCGTCGTCAGCTCACCTCCCTTGAGAGCTTAACAGTGAGCCTAATAGCCACCCCCACTAAAAAGACAGGTCAAGGTATAGCCTATGGAGTGGAAGAAATGGGCTACATTTTCTAAAGTAGAAAACCATACGAAAGAGGGCATGAAATAACCCTCAGAAGGCGGATTTAGCAGTAAACTGGGATAATAAAGCCCTATTTAAACTGGCCCTGAGGCACGTACATACCGCCCGTCACCCTCCTCGCAGGCTACATCTCCCCATAACTAATAACCTAACCTGCCAAAGATGAGGTAAGTCGTAACAAGGTAAGTGTACTGGAAAGTGCACTTAGCATACCAGGACGTAGCTATAATCCAAAGCATTCAGCTTACACCTGGAAGATACCTACCACCCCCTAGGTCGTCCTGAAGCTAAACTCTAGCCCAACCCATCCCCAATTAACAACTAACCCCCTTTATACCCACAAACTAAAACATTCTCTCAACTTAGTATAGGCGATAGAAAAGTCCTCTCGGCGCGTTAGAGACCCGTACCGTAAGGGAAAGATGAAATAATAATGAAAACTTAAGCAACACACAGCAAAGATAAACTCTTGTACCTCTTGCACCATGGTTTAGCAAGTATAACCAAGCAAAACGAATTTAAGCTTGCCCTCCCGAAACCTAAGCGAGCTACTTGTAGGCAGCTACATTTTGAGCGAACCCGTCTCTGTTGCAAAAGAGTGGGATGACCTACTAGTAGAGGTGAAAAGCCAACCGAGCTTGGTGATAGCTGGTTGCCTGTGAAATGAATCTAAGTTCATCCTTAATTCCTCTCCAAGGATCAACAACCAACCCACACGTAGTGAATTAAGAGTAATTCAAAGGAGGTACAGCTCCTTTGATAAAGAACACAATCTCCCGCAGCGGATAACACGCCTTACTTCTACCAACTTGTAGGCCTTCAAGCAGCCACCAACAAAGAGTGCGTCAAAGCTCCCACCTCAAAAATATGAAAACAGCACAACTCCCTCCTCACTAACAGGCTAATCTATTCACAATAGAAGAATCAATGCTAAAATAAGTAACTAGGACCACTTCCTCTAAAGCGCAAGCTTACATCACTACATTATTAACAGCACCCAATTAATACAATAACCCCAACAAGCCCACACATTAAAATAACCCTGTTAACCCAACCCAGGAGCGCCCGCTAGAAAGACTAAAATCTGCAAAAGGAACTAGGCAACCCCAAGACCCGACTGTTTACCAAAAACATAGCCTTCAGCAAGCCTAGTATTGAAGGTGATGCCTGCCCAGTGACCCCTACAGTTTAACGGCCGCGGTATCCTAACCGTGCGAAGGTAGCGCAATCAATTGTCCCGTAAATTGGGACTTGTATGAATGGCTAAACGAGGTCTCAACTGTCTCTTGCAGATAGTCAGTGAAATTGATCTCCCTGTGCAAAAGCAGGAATAGACCCATAAGACGAGAAGACCCTGTGGAACTTAAAAATCAGTAGCCACCTGCACAAAAACAACCACCTACTAGGTATATACACCACATAACCCAAACACTGGCTCACATTTTTTGGTTGGGGCGACCTTGGAGAAAAGAAAAACCTCCAAAAATAAGACCACCCCTCTTAACTAAGAACAACCCCTCAATGTACTAATAGTAACCAGACCCAATAAAATTGATAAATGGACCAAGCTACCCCAGGGATAACAGCGCAATCTCTCCCAAGAGCCCCTATCGACGGAGAGGTTTACGACCTCGATGTTGGATCAGGACATCCTAATGGTGCAGTCGCTATTAAGGGTTCGTTTGTTCAACGATTAATAGTCCTACGTGATCTGAGTTCAGACCGGAGCAATCCAGGTCGGTTTCTATCTATGCTACACTCTCTCCAGTACGAAAGGACCGAGAAAGTAAGGCCAATACCACAAGCACGCCTTCTCCCTAAATAGTGCCACCAACTAAACTATAAAAGGAACCCCACATACCCTCCCCAGCCCTAGAAAAGGGCCGCTAGCGTGGCAGAGTCCGGCAAATGCAAAAGGCTTAAGCCCTTTACCCAGAGGTTCAAGTCCTCTCCCTAGCCCACTCCAAATGACTCAACCCCCGATCCTAACTTACCTTGCTATGACCCTATCCTATGTAATCCCAATTCTAATTGCAGTAGCCTTCCTCACATTAGTTGAACGAAAAGTACTAAGCTACATACAAGCCCGAAAAGGTCCAAACATCGTAGGTCCTTTCGGACTACTACAACCCGTAGCTGATGGCGTAAAACTATTTATTAAAGAACCCATCCGCCCATCCACTTCTTCCCCCCTCCTCTTCACTTTAACACCTATACTAGCCCTTCTTCTAGCACTAACCATCTGAATCCCCCTCCCCCTCCCATTCTCCCTTGCCGATCTAAACCTCGGACTGCTCTTCCTCCTAGCCATATCAAGTCTAGCAGTATACTCAATTCTATGATCTGGATGAGCCTCAAACTCAAAATACGCACTAATCGGAGCTCTACGAGCAGTAGCACAAACCATCTCCTACGAAGTCACACTAGCTATCATCCTTCTATCCGTAGTCTTATTAAGTGGCAACTATACCTTACACATACTCACCACAACCCAAGAACCTCTCTACCTCATCTTCTCCTCCTGACCTCTCACAATAATATGATATATCTCCACCTTAGCCGAGACAAATCGAGCCCCCTTTGACCTTACAGAAGGAGAATCCGAACTAGTATCAGGCTTTAACGTAGAATATGCCGCAGGGCCATTTGCCCTATTCTTCCTAGCTGAATACGCAAACATTATATTAATAAACACACTAACTACAATCTTATTCCTAAACCCCAGCTCACTAAACCCCTCCCCACAACTATTTACAATAACCCTAGCAACAAAAATCCTACTCCTGTCCTCTGGATTCCTATGGATCCGTGCTTCCTACCCACGCTTCCGCTACGACCAGCTCATGCATCTCCTCTGAAAAAATTTCCTACCCCTGACACTAGCACTATGCCTTTGGCACATTAGTATACCAATCTCCTACGCAGGCACACCCCCCTGCTTAAGGAAATGTGCCTGAACACAAAGGGTCACTATGATAAAGTGAATATAGAGGTACACTAACCCTCTCATTTCCTATAAACCTCTTTAAACCTTAGAAAAGTAGGAATCGAACCTACACAAAAGAGATCAAAACTCTCCATACTTCCTTTATATTATTTCCTAGCAGGGTCAGCTAACAAAGCTATCGGGCCCATACCCCGAAAATGATGGTTCAACCCCTTCCTCTGCTAATGAACCCCCACACAAAACTAATCTCCTCCCTAAGTCTAATCCTAGGCACAACCATCACAATCTCAAGCACCCACTGAATAATAGCTTGAACCGGATTAGAATTAAACACCCTCGCCATTATTCCATTCATCTCAAAATCTCACCACCCACGAGCTATTGAGGCCACAATCAAATACTTTCTAGTCCAAGCAACAGCCTCTACACTTCTCTTATTCTCAAGCATAATAAACGCATGATCCACTGGTCAATGAGATATCACCCAATTAACCCACCCTACCTCCTCCCTACTACTGACAGTAGCAATTGCCATAAAACTTGGACTAGCACCCTTCCACTTCTGATTCCCAGAAGTACTTCAAGGCTCATCCCTAACAACCGCCCTACTCCTATCAACACTAATAAAATTTCCCCCGACCATCCTCCTCTTCCTAACTTCCCATTCACTCAACCCAACACTACTAACTTCCCTAGCCGTCATCTCCACCGCCCTCGGAGGATGAATGGGCCTTAACCAAACACAACTCCGAAAAATCCTACTTCTCTCATCCATCGCACACCTAGGATGAATAACCGCAGTAATCATATACAACCCTAAACTCGCCCCACTAACCTTCTACCTATACACCCTAATAACTACCACCGTATTCCTCTCCCTCAACTTAATCAAAACCCTAAAACTAACGACACTAATAACATCATGGACAAAATTCCCTACATTAAACGCAGCCCTTCTACTAGTCCTACTTTCCCTAGCAGGACTCCCCCCGCTCACAGGCTTCCTACCTAAATGACTCATCATCCACGAACTAACTAAACAAGAAATAACTACAACAGCCACAATCCTTGCTACACTCTCCCTCCTCGGACTATTCTTCTACCTACGCCTCGCATACCACTCAACAATCACCCTACCACCTAACTCCACCAACCACATAAAACACTGGCACCTCACCAAACGAACAAACACCACAATTCCCATCCTTATCGCCCTATCCACATTAACCCTGCCACTCTCCCCCTTAATCCTGACCTCTATCTAGAAACTTAGGATAAAACTACCCCAAACCGAAGGCCTTCAAAGCCTTAGATAAGAGTTAAACCCTCTTAGTTTCTGCTAAGACCCGCAGGGCATTATCCTGCATCCCCTAAATGCAACTCAGACGCTTTAATTAAGCTAGGGCCTTACCTAGATAGATGGGCCTTGATCCCATAAAACCCTAGTTAACAGCTAGGTGCCCTAACCAGCGAGCTTCTACCTAACAGACCCTGGCACATCTTTAATGCACATCAATGAGCTTGCAACTCAATATGAACTTCACTACAGGGCCGATAAGAAGAGGAATTAAACCCCTGTAAAAAGGACTACAGCCTAACGCTTAGACACTCAGCCATCTTACCTGTGACATTTATCAACCGATGAATATTTTCAACCAACCACAAAGACATCGACCCCCTATACCTAATCTTCGGTGCTTGAGCCGGCATAGTCGGCACCGCCCTTAGCCTACTCATCCGCGCAGAACTTGGTCAACCAGGCACACTTCTAGGTGATGACCAAATCTATAACGTAATCGTCACCGCACATGCCTTCGTAATAATCTTCTTCATGGTCATACCAATTATAATCGGAGGATTCGGAAACTGACTCGTCCCACTCATAATTGGTGCTCCCGACATAGCTTTCCCACGCATAAACAACATAAGCTTCTGACTACTTCCCCCATCCTTCCTCCTCCTACTAGCTTCCTCAACAGTAGAAGCAGGAGCTGGTACAGGATGAACCGTTTATCCCCCACTAGCCAGCAACATAGCCCATGCTGGAGCCTCAGTAGACTTAGCCATCTTCTCTCTCCACCTAGCCGGAATCTCATCCATCCTAGGAGCTATCAACTTCATCACAACCGCCATCAACATAAAACCCCCAGCCCTCTCTCAATACCAAACACCCCTCTTCGTATGATCTGTTCTCATCACCGCCGTTCTACTGTTACTTTCACTTCCCGTCCTAGCCGCCGGCATCACCATACTACTCACCGACCGAAACCTCAACACAACATTCTTCGACCCTGCCGGTGGAGGCGATCCCATCCTATACCAACATCTCTTCTGATTCTTTGGCCATCCTGAAGTTTACATCTTAATCCTACCAGGCTTCGGAATTATCTCTCATGTAGTAACGTACTATGCAAGCAAAAAAGAACCCTTTGGCTATATAGGAATAGTATGAGCCATACTATCAATCGGATTCCTAGGCTTCATTGTATGGGCTCACCACATATTTACAGTAGGAATAGACGTAGATACCCGAGCATACTTCACATCTGCCACCATGATCATCGCCATCCCCACTGGCATTAAAGTCTTTAGCTGACCAGCTACACTTCACGGAGGAACCATTAAATGAGACCCCCCAATACTATGAGCCCTAGGCTTTATCTTCCTATTCACCATTGGAGGCCTAACAGGGATTGTCCTAGCCAACTCCTCACTAGACATCGCCCTACACGACACATATTATGTAGTCGCCCACTTCCATTACGTACTTTCAATAGGAGCTGTCTTTGCTATTCTGGCAGGATTCACCCACTGATTCCCCCTACTAACAGGATTCACCCTACACCCCACATGATCCAAAGCCCACTTTGGGGTCATATTTACAGGAGTAAACCTAACCTTCTTCCCCCAACACTTCCTAGGCCTCGCTGGTATACCTCGACGATACTCAGACTACCCAGACGCCTATACCCTATGAAACACTATATCCTCTATTGGCTCATTAATCTCAATAACAGCCGTAATCATATTAATATTCATCATCTGAGAAGCCTTTGCCTCAAAACGAAAAGTCTTACAACCAGAACTAACAACAACCAACGTTGAATGAATCCACGGCTGCCCACCCCCCTACCATACCTTCGAAGAACCAGCCTTCGTCCAAATCCAAGAAAGGAAGGAATCGAACCCCCGTACACTGGTTTCAAGCCAGCCGCATTTAACCATCTATGCTTCTTTCTCCCCGGGATGTTAGTAAAACAATTACATAGCCTTGTCAAGACTAAATTACAGGTGAAAAACCCTGTACACCCCACCCATGGCCAACCACTCACAATTTCGTTTCCAAGACGCCTCATCTCCCATCATAGAAGAACTCATTGAATTCCACGACCACGCCCTAATAGTCGCACTAGCAATTTGCAGCCTAGTCCTATACATCCTCGCACTAATACTAGCAGAAAAACTGTCCTCAAATACCGTAGATGCCCAAGAAATCGAACTAATCTGAACAATCCTACCAGCAATTGTCCTCATCATACTAGCCCTCCCATCCCTGCAAATCCTATATATGATAGACGAAATTAACGAACCAGACCTCACACTAAAAGCCATTGGCCACCAATGGTACTGAACCTACGAGTACACTGACTTCAAAGACCTAACATTCGACTCCTACATAATTCCAACAACAGACCTCCCACTAGGACACTTCCGATTATTAGAAGTAGACCACCGAGTAATCATCCCAATAGAATCTCCCATCCGCATTATCATCACCGCCAATGATGTCCTCCACGCCTGAGCAGTCCCCGCTCTAGGTGTAAAAACTGATGCAATCCCAGGGCGATTAAACCAAACATCATTCATTACTACTCGACCTGGAATCTTCTACGGCCAATGCTCAGAAATCTGCGGAGCTAACCACAGCTACATACCAATCGTAGTAGAATCGACCCCACTAACCCACTTCGAACACTGATCCTCACTAATAACCTCTTAATCATTAAGAAGCTATGCAACAGCACTAGCCTTTTAAGCTAGAGAAAGAGGACCCCCCCCTCCTTAATGATATGCCACAACTTAACCCAAATCCATGATTCCTCATCATACTACTATCATGACTAACCTTCTCACTAATCATCCAACCCAAACTCTTATCCTTTATCTCCACTAACACCCCGTCCAACAAACCCACCATAACCACCCACACCCCCTCCTGAAACTGACCATGAACCTAAGCTTCTTCGACCAGTTCATAAGCCCCCAACTCCTAGGCATCCCACTCATCCTGCTATCAACAGTATTCCCCGCCTTAATGTTCCCCTCCCCCACCAATCGATGGGTTACTAACCGCCTCTCCACTCTCCAACTATGATTTATCCACCTAACCACAAAACAACTAATACTACCCCTAAATAAAAAAGGCCATAAATGAGCCCTAATCCTAACATCACTAATAACACTACTACTTACAATCAACCTACTAGGGCTACTACCATATACATTCACTCCAACTACCCAACTATCAATAAACATAGCCCTTGCCTTCCCCCTCTGACTAGCCACGCTCCTCACAGGCCTGCGAAACCAACCCACAATATCCCTAGGCCACCTCCTACCCGAAGGAACTCCAACACCACTAATCCCGGCCCTAATCCTAATCGAAACCACTAGCCTTCTCATCCGCCCCCTAGCCCTAGGAGTCCGCCTCACAGCAAATTTAACAGCAGGACACTTACTAATCCAACTCATCTCCACTGCCACTATCACATTACTGCCAATTCTCCCAACCGTATCCGCTTTAACCTCACTAATCCTGCTACTCCTAACCATCCTAGAAATCGCAGTAGCCATAATCCAAGCCTATGTCTTCGTCCTACTCCTAAGCCTATACCTACAAGAAAACATCTAATGGCCCACCAAGCACACTCCTACCACATAGTAGACCCCAGCCCCTGACCAATCTTCGGCGCAGCTGCCGCCCTACTCACCACCTCAGGACTTATCATATGATTCCACTATAACTCCTCCCAACTTCTATTCCTAGGAATACTCTCTATACTTCTAGTTATACTACAATGATGACGCGATATTGTACGAGAAAGCACATTCCAAGGACACCACACCCCTACTGTCCAAAAAGGCCTACGATACGGAATAATTTTATTCATTACATCCGAAGCATTTTTCTTCCTAGGCTTCTTCTGAGCATTCTTCCATTCGAGCCTAGCCCCTACTCCAGAGTTAGGCGGACAATGACCCCCAGCAGGAATTAACCCCCTCAATCCCCTAGAAGTACCCTTACTAAACACAGCAATCCTCCTTGCCTCTGGCGTTACTGTAACATGAGCACACCACAGCATTATAGAAAGCAACCGAAAACAAGCAATCCATGCACTCACCCTTACCATTCTCCTAGGCTTCTACTTCACAGCCCTCCAAGCAATAGAATATCACGAAGCACCATTCTCAATCGCCGATAGCGTATATGGCTCAACCTTCTTCGTCGCCACAGGCTTCCACGGACTACACGTAATCATCGGATCCTCCTTCCTACTCGTTTGTCTCCTACGCCTAATTAACTTCCACTTCACATCCAACCACCACTTCGGATTCGAAGCAGCCGCCTGATACTGACACTTCGTAGATGTCATCTGACTGTTCCTCTACATGACCATTTACTGATGAGGATCCTGCTCTTCTAGTATACTAATTACAATTGACTTCCAATCTATAAAATCTGGTGCAACCCCAGAGAAGAGCAATAAACATAATCACCTTCATACTTACACTATCACTTACCTTAAGCATTACCCTAATCGCACTAAATCTATGACTCGCCCAAGCAAACCCCGACTCAGAAAAACTCTCACCATACGAATGCGGATTCGACCCCCTAGGATCCGCCCGACTACCATTCTCCATCCGATTCTTTCTTAGTAGCCATCCTATTCCTACTATTCGACCTAGAAATCGCACTCTTACTACCACTACCCTGAGCCACCCAACTACAATCACCCACCACTACCCTAACCTGAGCCTCTACCATTATCTCCCTCCTCACACTAGGACTAATCTATGAATGAATTCAAGGAGGCCTAGAATGAGCTGAATAAACCAAGAAAGGTAGTCTAACCAAGACAGTTGATTTCGACTCAACAAATCATAGATCGACCCTATGCCTCTCTCCATGTCCCTCCTACACCTATGCTTCTACTCCTCCTTCACCCTAAGCTGCCTAGGGCTAGCTTTCCACCGGACCCACCTAATCTCCACCCTATTATGCCTAGAAAGTATAATACTCTCCATATTTATCGCCCTATCAATATGACCCATCGAAACCCAAACAACATCCACCACCGTAGCCCCAGTATTCATACTGGCATTCTCAGCCTGCGAAGCAGGCACTGGCCTAGCCATACTAGTCGCCTCCACACGAACCCACGGATCTGACCATCTCCACAACCTAAACCTCCTACAATGCTAAAAATCCTCCTACCCACAATCATACTCCTCCCTACCGCTCTCTTATCTCCCCAAAAACTCCTATGGACTAACACCACCACTCATAGCCTCCTAATTGCCACCCTTAGTCTCCACTGATTACTTCCCTCATACTACCCCCACAAAAATCTCTCTCAATGAACAAGCACTGACCAAACCTCATCATCTTTACTAGTACTATCCTGCTGACTGCTCCCCCTCATAATCTTAGCAAGCCAAAACCACCTACAACACGAACCAATAGCCCGCAAACGAATCTTTATCACTACCCTAATTACAGCCCAACCCCTCCTTCTCTTAGCATTCTCAACTACCGAACTAACACTATTCTACATCTCATTCGAAGCAACCCTAATCCCCACACTAATCCTAATCACACGCTGAGGGGCTCAGCCAGAACGCCTAAGTGCAGGCATCTACCTACTATTCTACACCCTCATCAGCTCACTACCCTTACTAGTCACCATCCTATACCTCCACACACATATCGGTACCCTACACCTCGCTATCCTTAAACTATCCCACCCAACACTCACCAACTCTTGAACCGACTTCCTACTAAGCCTGGCACTACTAATAGCATTCATAGTAAAAGCCCCCCTCTATGGCCTCCACCTATGACTGCCCAAAGCCCATGTAGAAGCCCCAATCGCAGGATCTATGCTACTCGCAGCCCTACTCTTAAAACTAGGAGGCTATGGCATTATACGCCTAACCATCCTAACTGGCCCTCTCTCCCCACAATTACACTACCCATTCCTAACACTAGCCCTGTGAGGAGCACTAATAACCAGCTCAATTTGTTTACGCCAAACCGACCTAAAATCTCTCATCGCCTACTCCTCCGTAAGCCACATAGGCTTAGTCGTCGCCGCATGCATCCTACAAACCCAGTGATCATTTTCAGGAGCAATAATCCTAATAATCTCACACGGCCTCACCTCCTCTATACTATTCTGCCTAGCAAACTCAACTTACGAACGCACCCACAGCCGAATTCTACTCCTAACACGAGGCCTACAGCCCCTCATACCACTTACAGCTACCTGATGACTATTGGCCAACCTCACAAACATGGCTCTACCACCAACCACAAACCTAATAGCAGAGCTAACCATCATAACTGCTCTATTCAACTGATCTACCCTAACTATTATCCTAACAGGAGCCGCAACCATACTAACCGCCTCATACACCCTATACATACTACTATCAACCCAACGAGGTACACTACCAACTCACATTACTTCACTACAAAACTCAAACACACGAGAGCACCTCCTAATAACCCTTCACATCACCCCCCTAATACTCCTAATCATAAAACCAGAAATAATCTCAGGAATACCCTTATGCAAGTATAGTTTCAACCCAAACATTAGGCTGTGATCCTAAAAATAGAAGTTAGACCCTTCTTACTTGCCGAGGGGAAGTTCAACCAGCAAGAACTGCTAATTCCTGCATCTGAGTTTAAAGCCTCAGTCCCCTTAACTTTTAAAGGATAACAGCAATCCACTGGTCTTAGGAGCCACCCATCTTGGTGCAAATCCAAGTAAAAGTAATGGAAACAGCACTACTCCTTAACACCTCTATACTCCTAACACTTTCAACCATCCTAACACCAATCCTCCTTCTATTACTACCAACCCCCCTCCTAACCTCCCCAACCACCATCACACATACCATCAAAACCGCATTCCTAACCAGCCTAATCCCAATATCTCTCTTCATATACTCAGGGTCCGAAAGCATCATCTCCCATTGAGAATGAAAATTCATCACAAACTTCAAAATCCCCCTCAGCTTCAAAATCGACCAGTACTCTATAATATTTTTCCCCATTGCACTATTCGTAACATGATCCATTCTACAGTTCGCCTCATGATATATAGCATCAGAACCCCACATCACAAAATTCTTCTCCTTCCTCCTAATATTCTTAATCGCCATACTAACCCTAACAATCGCCAACAACCTATTCCTACTATTCATTGGCTGAGAAGGAGTCGGCATCATATCCTTCCTACTAATTGGCTGATGACAAGGACGTGCAGAGGCCAACACCGCTGCACTCCAAGCCGTACTTTACAATCGAATTGGAGATATCGGCCTAATCCTAAGCATAATATACCTAGCCTCCACAACAAACACCTGAGAAATCCAACAAGCCATCTCCCCCAACCAAACCCCAACCATCCCACTACTAGGCCTCATCCTAGCAGCCACAGGAAAATCTGCCCAATTTGGCCTACACCCATGACTACCAGCCGCCATAGAAGGACCAACCCCAGTCTCCGCCCTACTCCACTCCAGCACCATAGTAGTAGCCGGAATTTTCCTACTAATCCGCACCCACCCACTACTCGCCACCAACCAAACCGCCCTCACCCTATGCCTATGCTTAGGCGCCCTATCCACATTATTTGCTGCCACCTGTGCCCTAACACAAAACGACATCAAAAAAATCATTGCCTTCTCCACATCCAGCCAACTCGGACTAATAATAGTTACCATCGGATTAAACCTACCCCAACTAGCCTTTTTCCACATTTCAACCCATGCTTTCTTCAAAGCCATGTTATTTCTTTGTTCAGGGTCAATCATCCATGCCCTCAATGGAGAACAAGATATTCGAAAAATAGGAGGCCTCCAAAAGACACTCCCAACAACCACCACCTGCCTAACCATCGGAAACCTAGCCTTAATAGGAACACCCTTCCTAGCAGGATTCGACTCAAAAGACCCAATTATTGAAAGCCTAAACACCTCCCACCTAAATGCTTGAGCCCTACTCCTAACACTCCTAGCAACATCATTCACCGCAACATACAGCCTACGCATAACCTTACTAGTCCAAACAGGATTTCCCCGTACACCCACAATCACACCCATAAACGAAAACACCCCCACACTCATTAATCCAATCACCCGCCTCGCCCTAGGCAGTATTATAGCAGGCCTACTCATCACATCATACATTCCCCCCACAAAAACACTCCCAATAACCATACCAACCCTTACAAAAACCGCTGCAATCATCGTCACTACCCTAGGCATCATCCTAGCCCTAGAACTCTCAACCATCACACACACCCTAACACAACCAAAACAAACCACATACCTAAATTTCTCCTCCATACTAGGCTACTTCAACCCCCTAATACACCGTCTCAGCTCCATAACCCTACTAAACAGCGGACAGAAAATCGCCTCTCATCTAATCGACCTATCCTGATACAAAAAAATAGGCCCTGAAGGAGTTGCCGACCTACAACTCACAGCAACCAAAACCTCAACCCCCCTACACACCGGACTACTCAAAACCTACCTAGGAACCTTCGCCCTATCCACCATCCTCATCCTTCTATCAGCCCACTAACCCCCCCCCCCTTCAATGGCCCCAAATCCCCGAAAATCTCACCCCCTACTCAAAATAATCAACAACTCCCTAATCGACTTGCCCACCCCATCAAACATCTCCATCTGATGAAATTTCGGATCCCTACTAGGAATCTGCCTACTAACACAAATCCTAACTGGCCTCCTACTAGCAGCTCACTACACTGCAGACACCACCCTAGCCTTCTCATCCGTAGCCCATACATGCCGAAACGTACAGTACGGGTGACTAATTCGTAACCTCCATGCCAACGGAGCATCCTTCTTCTTCATTTGCATCTACCTACACATTGGCCGAGGCCTTTACTACGGCTCATACCTATACAAGGAAACCTGAAACACAGGAATTATCTTACTACTCACCCTTATAGCAACCGCCTTCGTAGGCTATGTACTCCCATGAGGCCAGATATCATTCTGAGGAGCTACAGTCATCACCAACCTATTCTCAGCCATCCCATACATCGGACAAACCATCGTAGAATGAGCCTGGGGGGGATTCTCCGTAGACAACCCCACCCTCACCCGATTCTTCACCCTCCACTTCTTACTCCCATTCTTAATCGCAAGTCTCACCATAATCCACCTCACCTTCCTTCACGAATCCGGTTCAAATAACCCCCTAGGCATTATCTCAAACTGCGACAAGATCCCATTCCACCCATATTTCTCCCTAAAAGATATTCTAGGATTCATTCTAATACTCCTTCCACTAACAACCCTAGCCCTATTTGCCCCCAACCTACTAGGGGACCCAGAAAATTTCACTCCAGCAAACCCACTAACCACACCCCCACATATTAAACCAGAATGATACTTCCTATTCGCATACGCCATCCTACGCTCAATCCCTAACAAACTAGGAGGAGTACTAGCCCTAGCAGCCTCCGTATTAATCCTATTCTTACTTCCATTCCTGCACAAATCCAAACAACGCACAATAACCTTCCGACCCCTCTCCCAAATGCTATTCTGAACCCTAGTCGCCAACCTCCTCATTCTCACATGAATCGGCAGCCAGCCAGTAGAACACCCCTTTATTATTATTGGCCAACTAGCCTCCCTCACATACTTCTTTATCCTCTTAGCCCTCTTTCCCTTAACTGGAGCACTAGAAAACAAACTCCTCAACCACTAAATACTCTAATAGTTTATAAAAACATTGGTCTTGTAAACCAAAGACTGAAGGCTTACCCCTTCTTAGAGTTCCCGGCCCTTAAGGGCCATTATTGCCAAATTTTTACTACGAACCCTCCTACTAAAACACACTTGCCCCCCCCCTCCCCCCCCACTATGTACTATTGTACATTCATTTATATTCCACTATACTATTACATTATATTTACTTCATGCAAGGACATATAATGTATGTATTATAGACATAATGTATTATACTACATGGACATACTATGGCACTCCACATCCTACATTCAAGGGCCGGTTAACACTCCATGATCTTTCAAACATACTCCTGTCCCCAGGACTAAACCCATGCCAAAGGTGGGGTTTCTGCGTATAACTTGATTCACTCCATGAATATTCACTACGTAACAGTGAGACTGCGGTGATTATAAGTCATATTTATGCGAGATCTCTACCTTTACCTATGCCTTTCCATTACCTCTCTCGTTAGCTAACCAAGAGACGCCAGGTTATCTATTAATCGTTCTGTCCCAGAGAGATCATCTACCCGGTGCACGTATAGGTCCTACACGCCCAGCTTCAGGATCTTACTTTCCCCCTAAACCCCTAGCACTCCTTGCTCTTTGGAGCCTCTGGTTCCTACTTCAGGCCGTAACTTGATTAATCCCTTGGTATTGCCTTTCAGAGATGCTAAGCTATTTCAGGTACTACTTGGCCGCTTGAATCGGATCACTCAAGTGGTTTTTCTCTGTTGGTTCTCTTTTTTTTCTGGGTAACTTCACAGGTGGCCCTCACATATGGGTTCATGAGCAGTTGGTTTAAGACGTGGGCTCGATGGTCCTCGGTCAATTTCCCGTCTACTTCAGGCGCCGCTCAATGATACGGTCTGCGCGCGACTCAGATTGTTATCTGGCTCTGATGCACTGGTCAGGAGCATTTGGCCCTCGTGCTATTTCTCGGCTTGCAAGGAATGTTTAATGAGACGGTTGTGTACTATAACCTTGTTATCTGGCATGATTATGCAAATGCTAAACACTTGGTTATGGAACCTCCACAGACTACCTTTATAGGTGCTATTTAGTGAATGCTCGTTAGACATATTTTATCATCATTATTTCCACTATTTTTGGTTTTTTGCACAAATTTTATTCACATTTTTTACATTTTTTTTTTTGTCAAAAGTACGGGAATTCCATTAAAAATCAAACTTTTTTCGTTCGTCATTTCATCATCATCGTTCGTCATTTCATCATCATCATCGTTCGTCATTTCATCATCATCGTTCGTCACCTTTTCACTACCTCAACCTCAGAAAAAAAGGACTTAAACCTTTATCACCAACTCCCAAAGCTGGTATTTTACATTAAACTATTTTCTGACCTCCTCCCCTTTAAACCGCCCGAATCGCTCCACAAGACAACCCCCGTACAAGCTCTAGCACAACAAACAGCGTCAATAACAACCCCCATCCCGCTGCCAAAAACATACCCACACCCCACGAATAAAACATAGCAACACCACTAAAATCTAACCGCCCTACAAAACTACCACTGCCATCAACAGTAACCACCCCAACCTTCCACCACTCCACCCCACCTACAACCACCCCCACAGCAAGCACTAAAACCATCCCCACTCCATAGCCCAAAACCCGCCAATCCCCCCAAGCCTCCGGAAAAGGGTCTGCCGCCATACATACCGAATAAACAAAGACCACTAACATACCACCCAAATACACTATAAACAATACTAGGGCCACAAACGGCACCCCCAAACTCACTAACCACCCACATCCTATAACAGACCCCAGTACTAACCCAACCACTCCATAATAAGGCGACGGATTAGATGCCACCGCTAACCCCCCTAAAACAAACCCAACTCCCAAGAGAACAACAAAGTAAGTCATTACAATTTCTGCTTGGCTTCTCTCCAAAACCTACGACCTGAAAAATCGCCGTTGTAAATTTCAACTACAGAAACCCAATACCACTTCTCCCCCACCACCCCTTGCATCTTAATTACATCTTTATCACATCTTTATTGCATCTTCCATTTTTTATGTCAACACCGCTGGAGTTCCATCTAAAATCCAAACAATTCATCACTTTTATATGCATAAAATCGCATGAACGAACAGAATTTTTAATGGAACTCCCCTACCGAATGCATCAAATATCACATTTAATTATTTATTCATCAACTATCAATCACAAAAATAACTAGTAACCCCGGCGGCAGTGCATAATTTCAAAATCATGAAATATATAACTAGTAACCCCGGCGGCAGTGCATAACCCCACAACAAGCCGTGAAATAGCAACTACTATATAAAAGAATGAGCAGTCTTATAGAAGCCGTGAAATAGCAACTACTATATAAAAGAATGAGCAGTCTTATAGAAGCCGTGAAATAGCAACTACTATATAAAAGAATGAGCAGTCTTATAGAAGCCGTGAAATAGCAACTACTATATAAAAGAATGAGCAGTCTTATAGAAGCCGTGAAATAGCAACTACTATATAAAAGAATGAGCAGTCTTATAGAAGCCGTGAAATAGCAACTACTATATAAAAGAATGAGCAGTCTTATAGAAGCCGTGAAATAGCAACTACTATATAAAAGAATGAGCAGTCTTATAGAAGCCGTGAAATAGCAACTACTATATAAAAGAATGAGCAGTCTTATAGAAGCCGTGAAATAGCAACTACTATATAAAAGAATGAGCAGTCTTATAGAAGCCGTGAAATAGCAACTACTATATAAAAGAATGAGCAGTCTTATAGAAGCCGTGAAATAGCAACTACTATATAAAAGAATGAGCAGTCTCACAA
KJ699124	KJ699124	GTCCAAGTAGCTTACAATAAAGCATGGCACTGAAGATGCCAAGATGGCCCCACATCAGCCCATGGACAAAAGACTTAGTCCTAACCTTACTGTTAACTAGTGCTAAACATATACATGCAAGTATCCGCGCCCCAGTGTAAATGCCCTTAACTTCTTACTAAGACAACAGGAGCGGGTATCAGGCTCACTCACTCGACGTAGCCCAAAACGCCTTGCTTAGCCACACCCCCACGGGTACTCAGCAGTAATTAACATTAAGCAATAAGTGTAAACTTGACTTAGTTATAGCACTCATCCAGGGTCGGTAAATCTTGTGCCAGCCACCGCGGTCATACAAGAGACCCAAGCTAACAGCATCCGGCGTAAAGAGCGGGCTCATACTACCTAGGCAATTAGAATTAAATCGCAACTAAGCTGTCATAAGCCCAAGATGCGCCTAAAACCACCCCTAAAACGATCCTAATAACCCCATGGCAGACCAAACCCCGCGAAAGCCAGGGCTCAAACTGGGATTAGATACCCCACTATGCCTGGCCCTAAATCTTGATACTTATTCTACCAAAGTATCCGCCCGAGAACTACGAGCACAAACGCTTGAAACTCTAAGGACTTGGCGGTGCCCCAAACCCACCTAGAGGAGCCTGTTCTATAATCGATAACCCACGCTACACCCCACCACTCCTCGCCCAAGCAGCCTACATACCGCCGTCGTCAGCTCACCTCCCTTGAGAGCTTAACAGTGAGCCTAATAGCCACCCCCACAACATAGCCTTGAGCAGGTATAGCCTATGGAGTGGAAGAAATGGGCTACATTTTCTAAAGTAGAAAACCATACGAAAGAGGGCATGAAATAACCCTCAGAAGGCGGATTTAGCAGTAAACTGGGATAATAAAGCCCTATTTAAACTGGCCCTGAGGCACGTACATACCGCCCGTCACCCTCCTCGCAGGCTACATCTCCCCATAACTAATAACCTAACCTGCCAAAGATGAGGTAAGTCGTAACAAGGTAAGTGTACCGGAAGGTGCACTTAGCATACCAGGACGTAGCTATAATCCAAAGCATTCAGCTTACACCTGGAAGATACCTACCACCCCCTAGGTCGTCCTGAAGCTAAACTCTAGCCCAACCCATCCCCAATTAACAACTAACCCCCTTTATACCCACAAACTAAAACATTCTCTCAACTTAGTATAGGCGATAGAAAAGTCCTCTCGGCGCGTTAGAGACCCGTACCGTAAGGGAAAGATGAAATAATAATGAAAACTTAAGCAACACACAGCAAAGATAAACTCTTGTACCTCTTGCACCATGGTTTAGCAAGTATAACCAAGCAAAACGAATTTAAGCTTGCCCTCCCGAAACCTAAGCGAGCTACTTGTAGGCAGCTACATTTTGAGCGAACCCGTCTCTGTTGCAAAAGAGTGGGATGACCTACTAGTAGAGGTGAAAAGCCAACCGAGCTAGGTGATAGCTGGTTGCCTGTGAAATGAATCTAAGTTCATCCTTAATTCCTCTCCAAGGATCAACAACCAACCCACACGTAGTGAATTAAGAGTAATTCAAAGGAGGTACAGCTCCTTTGATAAAGAACACAATCTCCCGCAGCGGATAACACGCCTTACTTCTACCAACTTGTAGGCCTTCAAGCAGCCACCAACAAAGAGTGCGTCAAAGCTCCCACCTCAAAAATATGAAAACAGCACAACTCCCTCCTCACTAACAGGCTAATCTATTCACAATAGAAGAATCAATGCTAAAATAAGTAACTAGGACCACTTCCTCTAAAGCGCAAGCTTACATCACTACATTATTAACAGCACCCAATTAATACAATAACCCCAACAAGCCCACACATTAAAATAACCCTGTTAACCCAACCCAGGAGCGCCCGCTAGAAAGACTAAAATCTGCAAAAGGAACTAGGCAACCCCAAGACCCGACTGTTTACCAAAAACATAGCCTTCAGCAAGCCTAGTATTGAAGGTGATGCCTGCCCAGTGACCCCTACAGTTTAACGGCCGCGGTATCCTAACCGTGCGAAGGTAGCGCAATCAATTGTCCCGTAAATTGGGACTTGTATGAATGGCTAAACGAGGTCTCAACTGTCTCTTGCAGATAGTCAGTGAAATTGATCTCCCTGTGCAAAAGCAGGAATAGACCCATAAGACGAGAAGACCCTGTGGAACTTAAAAATCAGTAGCCACCTGCACAAAAACAACCACCTACTAGGTATATACACCACATAACCCAAACACTGGCTCACATTTTTTGGTTGGGGCGACCTTGGAGAAAAGAAAAACCTCCAAAAATAAGACCACCCCTCTTAACTAAGAACAACCCCTCAATGTACTAATAGTAACCAGACCCAATAAAATTGATAAATGGACCAAGCTACCCCAGGGATAACAGCGCAATCTCTCCCAAGAGCCCCTATCGACGGAGAGGTTTACGACCTCGATGTTGGATCAGGACATCCTAATGGTGCAGTCGCTATTAAGGGTTCGTTTGTTCAACGATTAATAGTCCTACGTGATCTGAGTTCAGACCGGAGCAATCCAGGTCGGTTTCTATCTATGCTACACTCTCTCCAGTACGAAAGGACCGAGAAAGTAAGGCCAATACCACAAGCACGCCTTCTCCCTAAATAGTGCCACCAACTAAACTATAAAAGGAACCCCACATACCCTCCCCAGCCCTAGAAAAGGGCCGCTAGCGTGGCAGAGTCCGGCAAATGCAAAAGGCTTAAGCCCTTTACCCAGAGGTTCAAGTCCTCTCCCTAGCCCACTCCAAATGACTCAACCCCCGATCCTAACTTACCTTGCTATGACCCTATCCTATGTAATCCCAATTCTAATTGCAGTAGCCTTCCTCACATTAGTTGAACGAAAAGTACTAAGCTACATACAAGCCCGAAAAGGTCCAAACATCGTAGGTCCTTTCGGACTACTACAACCCGTAGCTGATGGCGTAAAACTATTTATTAAAGAACCCATCCGCCCATCCACTTCTTCCCCCCTCCTCTTCACTTTAACACCTATACTAGCCCTTCTTCTAGCACTAACCATCTGAATCCCCCTCCCCCTCCCATTCTCCCTTGCCGATCTAAACCTCGGACTGCTCTTCCTCCTAGCCATATCAAGTCTAGCAGTATACTCAATTCTATGATCTGGATGAGCCTCAAACTCAAAATACGCACTAATCGGAGCTCTACGAGCAGTAGCACAAACCATCTCCTACGAAGTCACACTAGCTATCATCCTTCTATCCGTAGTCTTATTAAGTGGCAACTATACCTTACACATACTCACCACAACCCAAGAACCTCTCTACCTCATCTTCTCCTCCTGACCTCTCACAATAATATGATATATCTCCACCTTAGCCGAGACAAATCGAGCCCCCTTTGACCTTACAGAAGGAGAATCCGAACTAGTATCAGGCTTTAACGTAGAATATGCCGCAGGGCCATTTGCCCTATTCTTCCTAGCTGAATACGCAAACATTATATTAATAAACACACTAACTACAATCTTATTCCTAAACCCCAGCTCACTAAACCCCTCCCCACAACTATTTACAATAACCCTAGCAACAAAAATCCTACTCCTGTCCTCTGGATTCCTATGGATCCGTGCTTCCTACCCACGCTTCCGCTACGACCAGCTCATGCATCTCCTCTGAAAAAATTTCCTACCCCTGACACTAGCACTATGCCTTTGGCACATTAGTATACCAATCTCCTACGCAGGACACCCCCCTGCTTAAGGAAATGTGCCTGAACACAAAGGGTCACTATGATAAAGTGAATATAGAGGTACACTAACCCTCTCATTTCCTATAAACCTCTTTAAACCTTAGAAAAGTAGGAATCGAACCTACACAAAAGAGATCAAAACTCTCCATACTTCCTTTATATTATTTCCTAGCAGGGTCAGCTAACAAAGCTATCGGGCCCATACCCCGAAAATGATGGTTCAACCCCTTCCTCTGCTAATGAACCCCCACACAAAACTAATCTCCTCCCTAAGTCTAATCCTAGGCACAACCATCACAATCTCAAGCACCCACTGAATAATAGCTTGAACCGGATTAGAATTAAACACCCTCGCCATTATTCCATTCATCTCAAAATCTCACCACCCACGAGCTATTGAGGCCACAATCAAATACTTTCTAGTCCAAGCAACAGCCTCTACACTTCTCTTATTCTCAAGCATAATAAACGCATGATCCACTGGTCAATGAGATATCACCCAATTAACCCACCCTACCTCCTCCCTACTACTGACAGTAGCAATTGCCATAAAACTTGGACTAGCACCCTTCCACTTCTGATTCCCAGAAGTACTTCAAGGCTCATCCCTAACAACCGCCCTACTCCTATCAACACTAATAAAATTTCCCCCGACCATCCTCCTCTTCCTAACTTCCCATTCACTCAACCCAACACTACTAACTTCCCTAGCCGTCATCTCCACCGCCCTCGGAGGATGAATGGGCCTTAACCAAACACAACTCCGAAAAATCCTAGCTTTTTCATCCATCGCACACCTAGGATGAATAACCGCAGTAATCATATACAACCCTAAACTCGCCCTACTAACCTTCTACCTATACACCCTAATAACTACCACCGTATTCCTCTCCCTCAACTTAATCAAAACCCTAAAACTAACGACACTAATAACATCATGGACAAAATTCCCTACATTAAACGCAGCCCTTCTACTAGTCCTACTTTCCCTAGCAGGACTCCCCCCGCTCACAGGCTTCCTACCTAAATGACTCATCATCCACGAACTAACTAAACAAGAAATAACTACAACAGCCACAATCCTTGCTACACTCTCCCTCCTCGGACTATTCTTCTACCTACGCCTCGCATACCACTCAACAATCACCCTACCACCTAACTCCACCAACCACATAAAACACTGGCACCTCACCAAACGAACAAACACCACAATTCCCATCCTTATCGCCCTATCCACATTAACCCTGCCACTCTCCCCCTTAATCCTGACCTCTATCTAGAAACTTAGGATAAAACTACCCCAAACCGAAGGCCTTCAAAGCCTTAGATAAGAGTTAAACCCTCTTAGTTTCTGCTAAGACCCGCAGGGCATTATCCTGCATCCCCTAAATGCAACTCAGACGCTTTAATTAAGCTAGGGCCTTACCTAGATAGATGGGCCTTGATCCCATAAAACCCTAGTTAACAGCTAGGTGCCCTAACCAGCGAGCTTCTACCTAACAGACCCTGGCACATCTTTAATGCACATCAATGAGCTTGCAACTCAATATGAACTTCACTACAGGGCCGATAAGAAGAGGAATTAAACCCCTGTAAAAAGGACTACAGCCTAACGCTTAGACACTCAGCCATCTTACCTGTGACATTTATCAACCGATGAATATTTTCAACCAACCACAAAGATATCGGCACCCTATACCTAATCTTCGGTGCTTGAGCCGGCATAGTCGGCACCGCCCTTAGCCTACTCATCCGCGCAGAACTTGGTCAACCAGGCACACTTCTAGGTGATGACCAAATCTATAACGTAATCGTCACCGCACATGCCTTCGTAATAATCTTCTTCATGGTCATACCAATTATAATCGGAGGATTCGGAAACTGACTCGTCCCACTCATAATTGGTGCTCCCGACATAGCTTTCCCACGCATAAACAACATAAGCTTCTGACTACTTCCCCCATCCTTCCTCCTCCTACTAGCTTCCTCAACAGTAGAAGCAGGAGCTGGTACAGGATGAACCGTTTATCCCCCACTAGCCAGCAACATAGCCCATGCTGGAGCCTCAGTAGACTTAGCCATCTTCTCTCTCCACCTAGCCGGAATCTCATCCATCCTAGGAGCTATCAACTTCATCACAACCGCCATCAACATAAAACCCCCAGCCCTCTCTCAATACCAAACACCCCTCTTCGTATGATCTGTTCTCATCACCGCCGTTCTACTGTTACTTTCACTTCCCGTCCTAGCCGCCGGCATCACCATACTACTCACCGACCGAAACCTCAACACAACATTCTTCGACCCTGCCGGTGGAGGCGATCCCATCCTATACCAACATCTCTTCTGATTCTTTGGCCATCCTGAAGTTTACATCTTAATCCTACCAGGCTTCGGAATTATCTCTCATGTAGTAACGTACTATGCAAGCAAAAAAGAACCCTTTGGCTATATAGGAATAGTATGAGCCATACTATCAATCGGATTCCTAGGCTTCATTGTATGGGCTCACCACATATTTACAGTAGGAATAGACGTAGATACCCGAGCATACTTCACATCTGCCACCATGATCATCGCCATCCCCACTGGCATTAAAGTCTTTAGCTGACTAGCTACACTTCACGGAGGAACCATTAAATGAGACCCCCCAATACTATGAGCCCTAGGCTTTATCTTCCTATTCACCATTGGAGGCCTAACAGGGATTGTCCTAGCCAACTCCTCACTAGACATCGCCCTACACGACACATATTATGTAGTCGCCCACTTCCATTACGTACTTTCAATAGGAGCTGTCTTTGCTATTCTGGCAGGATTCACCCACTGATTCCCCCTACTAACAGGATTCACCCTACACCCCACATGATCCAAAGCCCACTTTGGGGTCATATTTACAGGAGTAAACCTAACCTTCTTCCCCCAACACTTCCTAGGCCTCGCTGGTATACCTCGACGATACTCAGACTACCCAGACGCCTATACCCTATGAAACACTATATCCTCTATTGGCTCATTAATCTCAATAACAGCCGTAATCATATTAATATTCATCATCTGAGAAGCCTTTGCCTCAAAACGAAAAGTCTTACAACCAGAACTAACAACAACCAACGTTGAATGAATCCACGGCTGCCCACCCCCCTACCATACCTTCGAAGAACCAGCCTTCGTCCAAATCCAAGAAAGGAAGGAATCGAACCCCCGTACACTGGTTTCAAGCCAGCCGCATTTAACCATCTATGCTTCTTTCTCCCCGGGATGTTAGTAAAACAATTACATAGCCTTGTCAAGACTAAATTACAGGTGAAAACCCTGTACACCCCACCATGGCCAACCACTCACAATTCGGTTTCCAAGACGCCTCATCCCCCATCATAGAAGAACTCATTGAATTCCACGACCACGCCCTAATAGTCGCACTAGCAATTTGCAGCCTAGTCCTATACATCCTCGCACTAATACTAGCAGAAAAACTGTCCTCAAATACCGTAGATGCCCAAGAAATCGAACTAATCTGAACAATCCTACCAGCAATTGTCCTCATCATACTAGCCCTCCCATCCCTGCAAATCCTATATATGATAGACGAAATTAACGAACCAGACCTCACACTAAAAGCCATTGGCCACCAATGGTACTGAACCTACGAGTACACTGACTTCAAAGACCTAACATTCGACTCCTACATAATTCCAACAACAGACCTCCCACTAGGACACTTCCGATTATTAGAAGTAGACCACCGAGTAATCATCCCAATAGAATCTCCCATCCGCATTATCATCACCGCCAATGATGTCCTCCACGCCTGAGCAGTCCCCGCTCTAGGTGTAAAAACTGATGCAATCCCAGGGCGATTAAACCAAACATCATTCATTACTACTCGACCTGGAATCTTCTACGGCCAATGCTCAGAAATCTGCGGAGCTAACCACAGCTACATACCAATCGTAGTAGAATCGACCCCACTAACCCACTTCGAACACTGATCCTCACTAATAACCTCTTAATCATTAAGAAGCTATGCAACAGCACTAGCCTTTTAAGCTAGAGAAAGAGGACCCCCCCCCTCCTTAATGATATGCCACAACTTAACCCAAATCCATGATTCCTCATCATACTACTATCATGACTAACCTTCTCACTAATCATCCAACCCAAACTCTTATCCTTTATCTCCACTAACACCCCGTCCAACAAACCCACCATAACCACCCACACCCCCTCCTGAAACTGACCATGAACCTAAGCTTCTTCGACCAGTTCATAAGCCCCCAACTCCTAGGCATCCCACTCATCCTGCTATCAACAGTATTCCCCGCCTTAATGTTCCCCTCCCCCACCAATCGATGGGTTACTAACCGCCTCTCCACTCTCCAACTATGATTTATCCACCTAACCACAAAACAACTAATACTACCCCTAAATAAAAAAGGCCATAAATGAGCCCTAATCCTAACATCACTAATAACACTACTACTTACAATCAACCTACTAGGGCTACTACCATATACATTCACTCCAACTACCCAACTATCAATAAACATAGCCCTTGCCTTCCCCCTCTGACTAGCCACGCTCCTCACAGGCCTGCGAAACCAACCCACAATATCCCTAGGCCACCTCCTACCCGAAGGAACTCCAACACCACTAATCCCGGCCCTAATCCTAATCGAAACCACTAGCCTTCTCATCCGCCCCCTAGCCCTAGGAGTCCGCCTCACAGCAAATTTAACAGCAGGACACTTACTAATCCAACTCATCTCCACTGCCACTATCACATTACTGCCAATTCTCCCAACCGTATCCGCTTTAACCTCACTAATCCTGCTACTCCTAACCATCCTAGAAATCGCAGTAGCCATAATCCAAGCCTATGTCTTCGTCCTACTCCTAAGCCTATACCTACAAGAAAACATCTAATGGCCCACCAAGCACACTCCTACCACATAGTAGACCCCAGCCCCTGACCAATCTTCGGCGCAGCTGCCGCCCTACTCACCACCTCAGGACTTATCATATGATTCCACTATAACTCCTCCCAACTTCTATTCCTAGGAATACTCTCTATACTTCTAGTTATACTACAATGATGACGCGATATTGTACGAGAAAGCACATTCCAAGGACACCACACCCCTACTGTCCAAAAAGGCCTACGATACGGAATAATTTTATTCATTACATCCGAAGCATTTTTCTTCCTAGGCTTCTTCTGAGCATTCTTCCATTCGAGCCTAGCCCCTACTCCAGAGTTAGGCGGACAATGACCCCCAGCAGGAATTAACCCCCTCAATCCCCTAGAAGTACCCTTACTAAACACAGCAATCCTCCTTGCCTCTGGCGTTACTGTAACATGAGCACACCACAGCATTATAGAAAGCAACCGAAAACAAGCAATCCATGCACTCACCCTTACCATTCTCCTAGGCTTCTACTTCACAGCCCTCCAAGCAATAGAATATCACGAAGCACCATTCTCAATCGCCGATAGCGTATATGGCTCAACCTTCTTCGTCGCCACAGGCTTCCACGGACTACACGTAATCATCGGATCCTCCTTCCTACTCGTTTGTCTCCTACGCCTAATTAACTTCCACTTCACATCCAACCACCACTTCGGATTCGAAGCAGCCGCCTGATACTGACACTTCGTAGATGTCATCTGACTGTTCCTCTACATGACCATTTACTGATGAGGATCCTGCTCTTCTAGTATACTAATTACAATTGACTTCCAATCTATAAAATCTGGTGCAACCCCAGAGAAGAGCAATAAACATAATCACCTTCATACTTACACTATCACTTACCTTAAGCATTACCCTAATCGCACTAAATCTATGACTCGCCCAAGCAAACCCCGACTCAGAAAAACTCTCACCATATGAATGCGGCTTCGACCCCCTAGGATCCGCCCGACTACCATTCTCCATCCGATTCTTTCTTGTAGCCATCCTATTCCTACTATTCGACCTAGAAATCGCACTCTTACTACCACTACCCTGAGCCACCCAACTACAATCACCCACCACTACCCTAACCTGAGCCTCTACCATTATCTCCCTCCTCACACTAGGACTAATCTATGAATGAATTCAAGGAGGCCTAGAATGAGCTGAATAAACCAAGAAAGGTAGTCTAACCAAGACAGTTGATTTCGACTCAACAAATCATAGATCGACCCTATGCCTCTCTCCATGTCCCTCCTACACCTATGCTTCTACTCCTCCTTCACCCTAAGCTGCCTAGGGCTAGCTTTCCACCGGACCCACCTAATCTCCACCCTATTATGCCTAGAAAGTATAATACTCTCCATATTTATCGCCCTATCAATATGACCCATCGAAACCCAAACAACATCCACCACCGTAGCCCCAGTATTCATACTGGCATTCTCAGCCTGCGAAGCAGGCACTGGCCTAGCCATACTAGTCGCCTCCACACGAACCCACGGATCTGACCATCTCCACAACCTAAACCTCCTACAATGCTAAAAATCCTCCTACCCACAATCATACTCCTCCCTACCGCTCTCTTATCTCCCCAAAAACTCCTATGGACTAACACCACCACTCATAGCCTCCTAATTGCCACCCTTAGTCTCCACTGATTACTTCCCTCATACTACCCCCACAAAAATCTCTCTCAATGAACAAGCACTGACCAAACCTCATCATCTTTACTAGTACTATCCTGCTGACTGCTCCCCCTCATAATCTTAGCAAGCCAAAACCACCTACAACACGAACCAATAGCCCGCAAACGAATCTTTATCACTACCCTAATTACAGCCCAACCCCTCCTTCTCTTAGCATTCTCAACTACCGAACTAACACTATTCTACATCTCATTCGAAGCAACCCTAATCCCCACACTAATCCTAATCACACGCTGAGGGGCTCAGCCAGAACGCCTAAGTGCAGGCATCTACCTACTATTCTACACCCTCATCAGCTCACTACCCTTACTAGTCACCATCCTATACCTCCACACACATATCGGTACCCTACACCTCGCTATCCTTAAACTATCCCACCCAACACTCACCAACTCTTGAACCGACTTCCTACTAAGCCTGGCACTACTAATAGCATTCATAGTAAAAGCCCCCCTCTATGGCCTCCACCTATGACTGCCCAAAGCCCATGTAGAAGCCCCAATCGCAGGATCTATGCTACTCGCAGCCCTACTCTTAAAACTAGGAGGCTATGGCATTATACGCCTAACCATCCTAACTGGCCCTCTCTCCCCACAATTACACTACCCATTCCTAACACTAGCCCTGTGAGGAGCACTAATAACCAGCTCAATTTGTTTACGCCAAACCGACCTAAAATCTCTCATCGCCTACTCCTCCGTAAGCCACATAGGCTTAGTCGTCGCCGCATGCATCCTACAAACCCAGTGATCATTTTCAGGAGCAATAATCCTAATAATCTCACACGGCCTCACCTCCTCTATACTATTCTGCCTAGCAAACTCAACTTACGAACGCACCCACAGCCGAATTCTACTCCTAACACGAGGCCTACAGCCCCTCATACCACTTACAGCTACCTGATGACTATTGGCCAACCTCACAAACATGGCTCTACCACCAACCACAAACCTAATAGCAGAGCTAACCATCATAACTGCTCTATTCAACTGATCTACCCTAACTATTATCCTAACAGGAGCCGCAACCATACTAACCGCCTCATACACCCTATACATACTACTATCAACCCAACGAGGTACACTACCAACTCACATTACTTCACTACAAAACTCAAACACACGAGAGCACCTCCTAATAACCCTACACATCACCCCCCTAATACTCCTAATCATAAAACCAGAAATAATCTCAGGAATACCCTTATGCAAGTATAGTTTCAACCCAAACATTAGGCTGTGATCCTAAAAATAGAAGTTAGACCCTTCTTACTTGCCGAGGGGAAGTTCAACCAGCAAGAACTGCTAATTCCTGCATCTGAGTTTAAAGCCTCAGTCCCCTTAACTTTTAAAGGATAAAAGCAATCCACTGGTCTTAGGAACCACCCATCTTGGTGCAAATCCAAGTAAAAGTAATGGAAACAGCACTACTCCTTAACACCTCTATACTCCTAACACTTTCAACCATCCTAACACCAATCCTCCTTCTATTACTACCAACCCCCTACCTAACCTCTCCAACCACCATCACCCGCACTATCAAAACCGCATTCCTAACCAGCCTAATCCCAATATCTCTCTTCATATACTCAGGGTCCGAAAGCATCATCTCCCATTGAGAATGAAAATTCATCACAAACTTCAAAATCCCCCTCAGCTTCAAAATCGACCAGTACTCTATAATATTTTTCCCCATTGCACTATTCGTAACATGATCCATTCTACAGTTCGCCTCATGATATATAGCATCAGAACCCCACATCACAAAATTCTTCTCCTTCCTCCTAATATTCTTAATCGCCATACTAACCCTAACAATCGCCAACAACCTATTCCTACTATTCATTGGCTGAGAAGGAGTCGGCATCATATCCTTCCTACTAATTGGCTGATGACAAGGACGTGCAGAGGCCAACACCGCTGCACTCCAAGCCGTACTTTACAATCGAATTGGAGATATCGGCCTAATCCTAAGCATAATATACCTAGCCTCCACAACAAACACCTGAGAAATCCAACAAGCCATCTCCCCCAACCAAACCCCAACCATCCCACTACTAGGCCTCATCCTAGCAGCCACAGGAAAATCTGCCCAATTTGGCCTACACCCATGACTACCAGCCGCCATAGAAGGACCAACCCCAGTCTCCGCCCTACTCCACTCCAGCACCATAGTAGTAGCCGGAATTTTCCTACTAATCCGCACCCACCCACTACTCGCCACCAACCAAACCGCCCTCACCCTATGCCTATGCTTAGGCGCCCTATCCACATTATTTGCTGCCACCTGTGCCCTAACACAAAACGACATCAAAAAAATCATTGCCTTCTCCACATCCAGCCAACTCGGACTAATAATAGTTACCATCGGATTAAACCTACCCCAACTAGCCTTTTTCCACATTTCAACCCATGCTTTCTTCAAAGCCATGTTATTTCTTTGTTCAGGGTCAATCATCCATGCCCTCAATGGAGAACAAGACATCCGAAAAATAGGCGGCCTCCAAAAGACACTCCCAACAACCACCACCTGCCTAACCATCGGAAACCTAGCCTTAATAGGAACACCCTTCCTAGCAGGATTCTACTCAAAAGACCCAATTATTGAAAGCCTAAACACCTCCCACCTAAATGCTTGAGCCCTACTCCTAACACTCCTAGCAACATCATTCACCGCAACATACAGCCTACGCATAACCTTACTAGTCCAAACAGGATTTCCCCGTACACCCACAATCACACCCATAAACGAAAACACCCCCACACTCATTAATCCAATCACCCGCCTCGCCCTAGGCAGTATTATAGCAGGCCTACTCATCACATCATACATTCCCCCCACAAAAACACTCCCAATAACCATACCAACCCTTACAAAAACCGCTGCAATCATCGTCACTACCCTAGGCATCATCCTAGCCCTAGAACTCTCAACCATCACACACACCCTAACACAACCAAAACAAACCACATACCTAAATTTCTCCTCCATACTAGGCTACTTCAACCCCCTAATACACCGTCTCAGCTCCATAACCCTACTAAACAGCGGACAGAAAATCGCCTCTCATCTAATCGACCTATCCTGATACAAAAAAATAGGCCCTGAAGGAGTTGCCGACCTACAACTCACAGCAACCAAAACCTCAACCCCCCTACACACCGGACTACTCAAAACCTACCTAGGAACCTTCGCCCTATCCACCATCCTCATCCTTCTATCAGCCCACTAACTCATAACTAATGGCCCCAAATCCCCGAAAATCTCACCCCCTACTCAAAATAATCAACAACTCCCTAATCGACTTGCCCACCCCATCAAACATCTCCATCTGATGAAATTTCGGATCCCTACTAGGAATCTGCCTACTAACACAAATCCTAACTGGCCTCCTACTAGCAGCTCACTACACTGCAGACACCACCCTAGCCTTCTCATCCGTAGCCCATACATGCCGAAACGTACAGTACGGGTGACTAATTCGTAACCTCCATGCCAACGGAGCATCCTTCTTCTTCATTTGCATCTACCTACACATTGGCCGAGGCCTTTACTACGGCTCATACCTATACAAGGAAACCTGAAACACAGGAATTATCTTACTACTCACCCTTATAGCAACCGCCTTCGTAGGCTATGTACTCCCATGAGGCCAGATATCATTCTGAGGAGCTACAGTCATCACCAACCTATTCTCAGCCATCCCATACATCGGACAAACCATCGTAGAATGAGCCTGGGGGGGATTCTCCGTAGACAACCCCACCCTCACCCGATTCTTCACCCTCCACTTCTTACTCCCATTCTTAATCGCAAGTCTCACCATAATCCACCTCACCTTCCTTCACGAATCCGGTTCAAATAACCCCCTAGGCATTATCTCAAACTGCGACAAGATCCCATTCCACCCATATTTCTCCCTAAAAGATATTCTAGGATTCATTCTAATACTCCTTCCACTAACAACCCTAGCCCTATTTGCCCCCAACCTACTAGGGGACCCAGAAAATTTCACTCCAGCAAACCCACTAACCACACCCCCACATATTAAACCAGAATGATACTTCCTATTCGCATACGCCATCCTACGCTCAATCCCTAACAAACTAGGAGGAGTACTAGCCCTAGCAGCCTCCGTATTAATCCTATTCTTACTTCCATTCCTGCACAAATCCAAACAACGCACAATAACCTTCCGACCCCTCTCCCAAATGCTATTCTGAACCCTAGTCGCCAACCTCCTCATTCTCACATGAATCGGCAGCCAGCCAGTAGAACACCCCTTTATTATTATTGGCCAACTAGCCTCCCTCACATACTTCTTTATCCTCTTAGCCCTCTTTCCCTTAACTGGAGCACTAGAAAACAAACTCCTCAACCACTAAATACTCTAATAGTTTATAAAAACATTGGTCTTGTAAACCAAAGACTGAAGGCTTACCCCTTCTTAGAGTTCCCGGCCCTTAAGGGCCATTATTGCCAAATTTTTACTACGAACCCTCCTACTAAAACACACTTGCCCCCCCCCTCCCCCCCCACTATGTACTATTGTACATTCATTTATATTCCACTATACTATTACATTATATTTACTTCATGCAAGGACATATAATGTATGTATTATAGACATAATGTATTATACTACATGGACATACTATGGCACTCCACATCCTACATTCAAGGGCCGGTTAACACTCCATGATCTTTCAGACATACTCCTGTCCCCAGGACTAAACCCATGCCAAAGGTGGGGTTTCTGCGTATAACTTGATTCACTCCATGAATATTCACTACGTAACAGTGAGACTGCGGTGATTATAAGTCATATTTATGCGAGATCTCTACCTTTACCTATGCCTTTCCATTACCTCTCTCGTTAGCTAACCAAGAGACGCCAGGTTATCTATTAATCGTTCTGTCCCAGAGAGATCATCTACCCGGTGCACGTATAGGTCCTACACGCCCAGCTTCAGGATCTTACTTTCCCCCTAAACCCCTAGCACTCCTTGCTCTTTGGAGCCTCTGGTTCCTACTTCAGGGCCGTAACTTGATTAATCCCTTGGTATTGCCTTTCAGAGATGCTAAGCTATTTCAGGTACTACTTGGCCGCTTGAATCGGATCACTCAAGTGGTTTTTCTCTGTTGGTTCTCTTTTTTTTCTGGGTAACTTCACAGGTGGCCCTCACATATGGGTTCATGAGCAGTTGGTTTAAGACGTGGGCTCGATGGTCCTCGGTCAATTTCCCGTCTACTTCAGGCGCCGCTCAATGATACGGTCTGCGCGCGACTCAGATTGTTATCTGGCTCTGATGCACTGGTCAGGAGCATTTGGCCCTCGTGCTATTTCTCGGCTTGCAAGGAATGTTTAATGAGACGGTTGTGTACTATAACCTTGTTATCTGGCATGATTATGCAAATGCTAAACACTTGGTTATGGAACCTCCACAGACTACCTTTATAGGTGCTATTTAGTGAATGCTCGTTAGACATATTTTATCATCATTATTTCCACTATTTTTGGTTTTTTGCACAAATTTTATTCACATTTTTTACATTTTTTTTTGTCAAAAGTACTGGAATTCCATTAAAAATCAAACTTTTTTCGTTCGTCATTTCATCATCATCATCGTTCGTCATTTCATCATCATCGTTCGTCATTTCATCATCATCGTTCGTCATTTCATCATCATCATCGTTCGTCATTTCATCATCATCGTTCGTCATTTCATCATCATCGTTCGTCACCTTTTCACTACCTCAACCTCAGAAAAAAAGGACTTAAACCTTTATCACCAACTCCCAAAGCTGGTATTTTACATTAAACTATTTTCTGACCTCCTCCCCTTTAAACCGCCCGAATCGCTCCACAAGACAACCCCCGTACAAGCTCTAGCACAACAAACAGCGTCAATAACAACCCCCATCCCGCTGCCAAAAACATACCCACACCCCACGAATAAAACATAGCAACACCACTAAAATCTAACCGCCCTACAAAACTACCACTGCCATCAACAGTAACCACCCCAACCTTCCACCACTCCACCCCACCTACAACCACCCCCACAGCAAGCACTAAAACCATCCCCACTCCATAGCCCAAAACCCGCCAATCCCCCCAAGCCTCCGGAAAAGGGTCTGCCGCCATACATACCGAATAAACAAAGACCACTAACATACCACCCAAATACACTATAAACAATACTAGGGCCACAAACGGCACCCCCAAACTCACTAACCACCCACATCCTATAACAGACCCCAGTACTAACCCAACCACTCCATAATAAGGCGACGGATTAGATGCCACCGCTAACCCCCCTAAAACAAACCCAACTCCCAAGAGAACAACAAAGTAAGTCATTACAATTTCTGCTTGGCTTCTCTCCAAAACCTACGACCTGAAAAATCGCCGTTGTAAATTTCAACTACAGAAACCCAATACCACTTCTCCCCCACCACCCCTTGCATCTTAATTACATCTTTATCACATCTTTATTGCATCTTCCATTTTTTATGTCAACACCGCTGGAGTTCCATCTAAAATCCAAACAATTCATCACTTTTATATGCATAAAATCGCATGAACGAACAGAATTTTTAATGGAACTCCCCTACCGAATGCATCAAATATCACATTTAATTATTTATTCATCAACTATCAATCACAAAAATAACTAGTAACCCCGGCGGCAGTGCATAATTTCAAAATCATGAAATATATAACTAGTAACCCCGGCGGCAGTGCATAATTTCAAAATCATGAAATATATAACTAGTAACCCCGGCGGCAGTGCATAACCCCACAACAAGCCGTGAAATAGCAACTACTATATAAAAGAATGAGCAGTCTTATAGAAGCCGTGAAATAGCAACTACTATATAAAAGAATGAGCAGTCTTATAGAAGCCGTGAAATAGCAACTACTATATAAAAGAATGAGCAGTCTTATAGAAGCCGTGAAATAGCAACTACTATATAAAAGAATGAGCAGTCTTATAGAAGCCGTGAAATAGCAACTACTATATAAAAGAATGAGCAGTCTTATAGAAGCCGTGAAATAGCAACTACTATATAAAAGAATGAGCAGTCTTATAGAAGCCGTGAAATAGCAACTACTATATAAAAGAATGAGCAGTCTTATAGAAGCCGTGAAATAGCAACTACTATATAAAAGAATGAGCAGTCTTATAGAAGCCGTGAAATAGCAACTACTATATAAAAGAATGAGCAGTCTTATAGAAGCCGTGAAATAGCAACTACTATATAAAAGAATGAGCAGTCTTATAGAAGCCGTGAAATAGCAACTACTATATAAAAGAATGAGCAGTCTTATAGAAGCCGTGAAATAGCAACTACTATATAAAAGAATGAGCAGTCTTATAGAAGCCGTGAAATAGCAACTACTATATAAAAGAATGAGCAGTCTTATAGAAGCCGTGAAATAGCAACTACTATATAAAAGAATGAGCAGTCTTATAGAAGCCGTGAAATAGCAACTACTATATAAAAGAATGAGCAGTCTCACAA
AB842501	AB842501	ACCCTATACCTAATCTTCGGTGCTTGAGCCGGCATAGTCGGCACCGCCCTTAGCCTACTCATCCGCGCAGAACTTGGTCAACCAGGCACACTTCTAGGTGATGACCAAATCTATAACGTAATCGTCACCGCACATGCCTTCGTAATAATCTTCTTCATGGTCATACCAATTATAATCGGAGGATTCGGAAACTGACTCGTCCCACTCATAATTGGTGCTCCCGACATAGCTTTCCCACGCATAAACAACATAAGCTTCTGACTACTTCCCCCATCCTTCCTCCTCCTACTAGCTTCCTCAACAGTAGAAGCAGGAGCTGGTACAGGATGAACCGTTTATCCCCCACTAGCCAGCAACATAGCCCATGCTGGAGCCTCAGTAGACTTAGCCATCTTCTCTCTCCACCTAGCCGGAATCTCATCCATCCTAGGAGCTATCAACTTCATCACAACCGCCATCAACATAAAACCCCCAGCCCTCTCTCAATACCAAACACCCCTCTTCGTATGATCTGTTCTCATCACCGCCGTTCTACTGTTACTTTCACTTCCCGTCCTAGCCGCCGGCATCACCATACTACTCACCGACCGAAACCTCAACACAACATTCTTCGACCCTGCCGGTGGAGGCGATCCCATCCTATACCAACATCTCTTCTGATTCTTTGGCCATCCTGAAGTTTACATCTTAATCCTACCAGGATTTGGAAT
JF792341	JF792341	CCTATACCTAATCTTCGGTGCTTGAGCCGGCATAGTCGGCACCGCCCTTAGCCTACTCATCCGCGCAGAACTTGGTCAACCAGGCACACTTCTAGGTGATGACCAAATCTATAACGTAATCGTCACCGCACATGCCTTCGTAATAATCTTCTTCATGGTCATACCAATTATAATCGGAGGATTCGGAAACTGACTCGTCCCACTCATAATTGGTGCTCCCGACATAGCTTTCCCACGCATAAACAACATAAGCTTCTGACTACTTCCCCCATCCTTCCTCCTCCTACTAGCTTCCTCAACAGTAGAAGCAGGAGCTGGTACAGGATGAACCGTTTATCCCCCACTAGCCAGCAACATAGCCCATGCTGGAGCCTCAGTAGACTTAGCCATCTTCTCTCTCCACCTAGCCGGAATCTCATCCATCCTAGGAGCTATCAACTTCATCACAACCGCCATCAACATAAAACCCCCAGCCCTCTCTCAATACCAAACACCCCTCTTCGTATGATCTGTTCTCATCACCGCCGTTCTACTGTTACTTTCACTTCCCGTCCTAGCCGCCGGCATCACCATACTACTCACCGACCGAAACCTCAACACAACATTCTTCGACCCTGCCGGTGGAGGCGATCCCATCCTATACCAACATCTCTTCTGATTCTTTGGCCATCCTGAAGTTTACATCTTAATCCTACC
GQ481252	GQ481252	CCTATACCTAATCTTCGGTGCTTGAGCCGGCATAGTCGGCACCGCCCTTAGCCTACTCATCCGCGCAGAACTTGGTCAACCAGGCACACTTCTAGGTGATGACCAAATCTATAACGTAATCGTCACCGCACATGCCTTCGTAATAATCTTCTTCATGGTCATACCAATTATAATCGGAGGATTCGGAAACTGACTCGTCCCACTCATAATTGGTGCTCCCGACATAGCTTTCCCACGCATAAACAACATAAGCTTCTGACTACTTCCCCCATCCTTCCTCCTCCTACTAGCTTCCTCAACAGTAGAAGCAGGAGCTGGTACAGGATGAACCGTTTATCCCCCACTAGCCAGCAACATAGCCCATGCTGGAGCCTCAGTAGACTTAGCCATCTTCTCTCTCCACCTAGCCGGAATCTCATCCATCCTAGGAGCTATCAACTTCATCACAACCGCCATCAACATAAAACCCCCAGCCCTCTCTCAATACCAAACACCCCTCTTCGTATGATCTGTTCTCATCACCGCCGTTCTACTGTTACTTTCACTTCCCGTCCTAGCCGCCGGCATCACCATACTACTCACCGACCGAAACCTCAACACAACATTCTTCGACCCTGCCGGTGGAGGCGATCCCATCCTATACCAACATCTCTTCTGATTCTTTGGCCATCCTGAAGTTTACATCTTAATCCTA
JN801706	JN801706	GTGACATTTATCAATCGATGACTATTCTCAACCAACCACAAAGATATCGGCACCCTATACTTAATCTTCGGCGCCTGAGCTGGTATAGTCGGCACCGCCCTCAGCCTACTTATTCGCGCAGAACTAGGCCAACCCGGTACACTCCTAGGTGACGACCAAATCTATAATGTAATCGTCACCGCACATGCTTTTGTAATAATTTTCTTCATAGTTATACCAATCATAATCGGAGGGTTCGGAAACTGACTCGTCCCACTCATAATTGGTGCCCCCGACATAGCCTTCCCACGCATAAACAACATAAGCTTCTGATTACTCCCCCCATCCTTCCTCCTACTACTAGCCTCCTCAACAGTAGAAGCAGGGGCCGGCACCGGATGAACTGTCTACCCTCCATTAGCCGGCAACATAGCCCATGCTGGGGCCTCAGTAGACCTAGCCATCTTTTCCTTACACCTAGCCGGAGTTTCCTCAATTCTAGGGGCAATCAACTTCATCACAACCGCCATTAATATAAAACCCCCAGCCCTCTCCCAATACCAAACGCCCCTATTCGTATGATCCGTCCTCATCACTGCCGTCCTACTATTACTCTCCCTCCCAGTCCTAGCCGCCGGCATCACCATACTACTCACAGACCGTAACCTCAACACAACATTCTTTGACCCTGCCGGCGGAGGCGATCCCGTCCTATACCAACACCTCTTCTGA
JQ175004	JQ175004	CCTATACTTAATCTTCGGCGCCTGAGCTGGTATAGTCGGCACCGCCCTCAGCCTACTTATTCGCGCAGAACTAGGCCAACCCGGTACACTCCTAGGTGACGACCAAATCTATAATGTAATCGTCACCGCACATGCTTTTGTAATAATTTTCTTCATAGTTATACCAATCATAATCGGAGGGTTCGGAAACTGACTCGTCCCACTCATAATTGGTGCCCCCGACATAGCCTTCCCACGCATAAACAACATAAGCTTCTGATTACTCCCCCCATCCTTCCTCCTACTACTAGCCTCCTCAACAGTAGAAGCAGGGGCCGGCACCGGATGAACTGTCTACCCTCCATTAGCCGGCAACATAGCCCATGCTGGGGCCTCAGTAGACCTAGCCATCTTTTCCTTACACCTAGCCGGAGTTTCCTCAATTCTAGGGGCAATCAACTTCATCACAACCGCCATTAATATAAAACCCCCAGCCCTCTCCCAATACCAAACGCCCCTATTCGTATGATCCGTCCTCATCACTGCCGTCCTACTATTACTCTCCCTCCCAGTCCTAGCCGCCGGCATCACCATACTACTCACAGACCGTAACCTCAACACAACATTCTTTGACCCTGCCGGCGGAGGCGATCCCGTCCTATACCAACACCTC
GU571337	GU571337	AAGACATGGGCACCCTATACCTAATCTTCGGCGCTTGAGCTGGCATAGCCGGCACCGCCCTCAGTCTACTCATTCGTGCAGAACTCGGTCAACCAGGCACCCTTCTAGGTGATGACCAAATCTATAACGTAATCGTCACCGCACATGCCTTTGTAATAATCTTCTTCATAGTCATACCAATCATAATCGGAGGCTTCGGAAACTGACTAGTCCCACTCATAATCGGCGCCCCTGACATAGCCTTCCCACGCATAAATAATATAAGCTTCTGACTACTACCCCCATCTTTCCTCCTCCTACTAGCCTCCTCAACAGTAGAAGCAGGAGCTGGTACCGGATGAACTGTTTACCCCCCATTAGCCGGCAATATAGCCCATGCTGGCGCCTCAGTAGACTTGGCTATCTTCTCCTTACATTTAGCTGGAGTCTCATCCATCCTAGGAGCAATTAACTTCATTACAACCGCTATTAACATAAAACCCCCAGCCCTCTCTCAATACCAAACACCCCTATTCGTATGATCTGTTCTCATTACTGCTGTCCTACTATTACTCTCACTTCCAGTCCTAGCTGCCGGCATCACCATACTACTAACGGACCGAAACCTTAATACAACATTCTTCGACCCTGCCGGCGGGGGCGATCCTATCCTATACCAACACCTCTTCTGATTCTTTGGCCACCCAGAAGTTTACATCCTAATCCTACCAGGATTTGGA
GQ922615	GQ922615	GGCACCCTATACCTAATCTTCGGCGCTTGAGCTGGCATAGCCGGCACCGCCCTCAGTCTACTCATTCGTGCAGAACTCGGTCAACCAGGCACCCTTCTAGGTGATGACCAAATCTATAACGTAATCGTCACCGCACATGCCTTTGTAATAATCTTCTTCATAGTCATACCAATCATAATCGGAGGCTTCGGAAACTGACTAGTCCCACTCATAATCGGCGCCCCTGACATAGCCTTCCCACGCATAAATAATATAAGCTTCTGACTACTACCCCCATCTTTCCTCCTCCTACTAGCCTCCTCAACAGTAGAAGCAGGAGCTGGTACCGGATGAACTGTTTACCCCCCATTAGCCGGCAATATAGCCCATGCTGGCGCCTCAGTAGACTTGGCTATCTTCTCCTTACATTTAGCTGGAGTCTCATCCATCCTAGGAGCAATTAACTTCATTACAACCGCTATTAACATAAAACCCCCAGCCCTCTCTCAATACCAAACACCCCTATTCGTATGATCTGTTCTCATTACTGCTGTCCTACTATTACTCTCACTTCCAGTCCTAGCTGCCGGCATCACCATACTACTAACGGACCGAAACCTTAATACAACATTCTTCGACCCTGCCGGCGGGGGCGATCCTATCCTATACCAACACCTCTTCTGATTCTTTGGCCACCCAGAAGTTTACATCCTAATCCTA
JF792347	JF792347	CCTTATACCTAATCTTTGGCGCTTGAGCCGGCATAGTAGGCACCGCCCTCAGCCTACTCATCCGTGCAGAACTCGGCCAACCAGGCACACTTCTAGGTGACGATCAAATCTACAATGTAATCGTCACCGCACATGCCTTTGTAATAATCTTTTTTATGGTCATACCAATTATAATCGGAGGATTCGGAAACTGACTTGTACCACTCATAATCGGCGCCCCCGACATAGCCTTCCCACGCATAAACAACATAAGTTTCTGATTACTCCCCCCATCCTTTCTTCTCCTACTAGCTTCTTCAACAGTAGAAGCAGGAGCTGGCACAGGATGGACTGTTTACCCCCCACTAGCCAGCAACATAGCCCATGCTGGCGCCTCAGTAGACCTAGCCATCTTCTCACTACACCTAGCCGGAGTCTCATCCATCCTGGGGGCTATTAACTTCATTACAACCGCTATCAACATAAAACCCCCAGCCCTCTCCCAATATCAAACACCCCTCTTTGTATGGTCCGTTCTCATCACCGCCGTCCTACTACTACTTTCACTTCCAGTACTAGCCGCCGGCATTACTATACTACTCACAGATCGCAACCTCAACACAACATTCTTCGACCCCGCTGGGGGAGGCGACCCCATCCTATACCAACATCTCTTCTGATTCTTCGGACATCCTGAAGTCTACATCCTAATTCTACC
JF792344	JF792344	CCTTATACCTAATCTTTGGCGCTTGAGCCGGCATAGTAGGCACCGCCCTCAGCCTACTCATCCGTGCAGAACTCGGCCAACCAGGCACACTTCTAGGTGACGATCAAATCTACAATGTAATCGTCACCGCACATGCCTTTGTAATAATCTTTTTTATGGTCATACCAATTATAATCGGAGGATTCGGAAACTGACTTGTACCACTCATAATCGGCGCCCCCGACATAGCCTTCCCACGCATAAACAACATAAGTTTCTGATTACTCCCCCCATCCTTTCTTCTCCTACTAGCTTCTTCAACAGTAGAAGCAGGAGCTGGCACAGGATGGACTGTTTACCCCCCACTAGCCAGCAACATAGCCCATGCTGGCGCCTCAGTAGACCTAGCCATCTTCTCACTACACCTAGCCGGAGTCTCATCCATCCTGGGGGCTATTAACTTCATTACAACCGCTATCAACATAAAACCCCCAGCCCTCTCTCAATATCAAACACCCCTCTTTGTATGGTCCGTTCTCATCACCGCCGTCCTACTACTACTTTCACTTCCAGTACTAGCCGCCGGCATTACTATACTACTCACAGATCGCAACCTCAACACAACATTCTTCGACCCCGCTGGGGGAGGCGACCCCATCCTATACCAACATCTCTTCTGATTCTTCGGACATCCTGAAGTCTACATCCTAATTCTACC
JF312179	JF312179	CTTATACCTAATCTTTGGCGCTTGAGCCGGCATAGTAGGCACCGCCCTCAGCCTACTCATCCGTGCAGAACTCGGCCAACCAGGCACACTTCTAGGTGACGATCAAATCTATAATGTAATTGTCACCGCACATGCCTTTGTAATAATCTTTTTTATGGTCATACCAATTATAATCGGAGGATTCGGAAACTGACTTGTACCACTCATAATCGGCGCCCCCGACATAGCCTTCCCACGCATAAACAACATAAGTTTCTGATTACTCCCCCCATCCTTTCTTCTCCTACTAGCTTCTTCAACAGTAGAAGCAGGAGCTGGCACAGGATGGACTGTTTACCCCCCACTAGCCAGCAACATAGCCCATGCTGGCGCCTCAGTAGACCTAGCCATCTTCTCACTACACCTAGCCGGAGTCTCATCCATCCTGGGGGCTATTAACTTCATTACAACCGCTATCAACATAAAACCCCCAGCCCTCTCTCAATACCAAACACCCCTCTTTGTATGGTCCGTTCTCATCACCGCCGTCCTACTACTACTTTCACTTCCAGTCCTAGCCGCCGGCATTACTA
JF312175	JF312175	CTTATACCTAATCTTTGGCGCTTGAGCCGGCATAGTAGGCACCGCCCTCAGCCTACTCATCCGTGCAGAACTCGGCCAACCAGGCACACTTCTAGGTGACGATCAAATCTATAATGTAATTGTCACCGCACATGCCTTTGTAATAATCTTTTTTATGGTCATACCAATTATAATCGGAGGATTCGGAAACTGACTTGTACCACTCATAATCGGCGCCCCCGACATAGCCTTCCCACGCATAAACAACATAAGTTTCTGATTACTCCCCCCATCCTTTCTTCTCCTACTAGCTTCTTCAACAGTAGAAGCAGGAGCTGGCACAGGATGGACTGTTTACCCCCCACTAGCCAGCAACATAGCCCATGCTGGCGCCTCAGTAGACCTAGCCATCTTCTCACTACACCTAGCCGGAGTCTCATCCATCCTGGGGGCTATTAACTTCATTACAACCGCTATCAACATAAAACCCCCAGCCCTCTCTCAATACCAAACACCCCTCTTTGTATGGTCCGTTCTCATCACCGCCGTCCTACTACTACTTTCACTTCCAGTCCTAGCCGCCGGCATTACTATACTACTCACAGA
JF312169	JF312169	CTTATACCTAATCTTTGGCGCTTGAGCCGGCATAGTAGGCACCGCCCTCAGCCTACTCATCCGTGCAGAACTCGGCCAACCAGGCACACTTCTAGGTGACGATCAAATCTATAATGTAATTGTCACCGCACATGCCTTTGTAATAATCTTTTTTATGGTCATACCAATTATAATCGGAGGATTCGGAAACTGACTTGTACCACTCATAATCGGCGCCCCCGACATAGCCTTCCCACGCATAAACAACATAAGTTTCTGATTACTCCCCCCATCCTTTCTTCTCCTACTAGCTTCTTCAACAGTAGAAGCAGGAGCTGGCACAGGATGGACTGTTTACCCCCCACTAGCCAGCAACATAGCCCATGCTGGCGCCTCAGTAGACCTAGCCATCTTCTCACTACACCTAGCCGGAGTCTCATCCATCCTGGGGGCTATTAACTTCATTACAACCGCTATCAACATAAAACCCCCAGCCCTCTCTCAATACCAAACACCCCTCTTTGTATGGTCCGTTCTCATCACCGCCGTCCTACTACTACTTTCACTTCCAGTCCTAGCCGCCGGCATTACTATACTACTCACAGATCG
JF312163	JF312163	CTTATACCTAATCTTTGGCGCTTGAGCCGGCATAGTAGGCACCGCCCTCAGCCTACTCATCCGTGCAGAACTCGGCCAACCAGGCACACTTCTAGGTGACGATCAAATCTATAATGTAATTGTCACCGCACATGCCTTTGTAATAATCTTTTTTATGGTCATACCAATTATAATCGGAGGATTCGGAAACTGACTTGTACCACTCATAATCGGCGCCCCCGACATAGCCTTCCCACGCATAAACAACATAAGTTTCTGATTACTCCCCCCATCCTTTCTTCTCCTACTAGCTTCTTCAACAGTAGAAGCAGGAGCTGGCACAGGATGGACTGTTTACCCCCCACTAGCCAGCAACATAGCCCATGCTGGCGCCTCAGTAGACCTAGCCATCTTCTCACTACACCTAGCCGGAGTCTCATCCATCCTGGGGGCTATTAACTTCATTACAACCACTATCAACATAAAACCCCCAGCCCTCTCTCAATACCAAACACCCCTCTTTGTATGGTCCGTTCTCATCACCGCCGTCCTACTACTACTTTCACTTCCAGTCCTAGCCGCCGGCATTACTATACTACTCACAGATCGTAACCTCAACACAACATTCTTCGACCCCGCTGGGGGAGGCGACCCCATCCTATACCAGCATCTCTTCTGATTCTTCGGACATCCTGAAGTCTACATCCTAATTCTA
JF312162	JF312162	CTTATACCTAATCTTTGGCGCTTGAGCCGGCATAGTAGGCACCGCCCTCAGCCTACTCATCCGTGCAGAACTCGGCCAACCAGGCACACTTCTAGGTGACGATCAAATCTATAATGTAATTGTCACCGCACATGCCTTTGTAATAATCTTTTTTATGGTCATACCAATTATAATCGGAGGATTCGGAAACTGACTTGTACCACTCATAATCGGCGCCCCCGACATAGCCTTCCCACGCATAAACAACATAAGTTTCTGATTACTCCCCCCATCCTTTCTTCTCCTACTAGCTTCTTCAACAGTAGAAGCAGGAGCTGGCACAGGATGGACTGTTTACCCCCCACTAGCCAGCAACATAGCCCATGCTGGCGCCTCAGTAGACCTAGCCATCTTCTCACTACACCTAGCCGGAGTCTCATCCATCCTGGGGGCTATTAACTTCATTACAACCGCTATCAACATAAAACCCCCAGCCCTCTCTCAATACCAAACACCCCTCTTTGTATGGTCCGTTCTCATCACCGCCGTCCTACTACTACTTTCACTTCCAGTCCTAGCCGCCGGCATTACTATACTACTCACAGATCGTAACCTCAACACAACATTCTTCGACCCCGCTGGGGGAGGCGACCCCATCCTATACCAGCATCTCTTCTGATTCTTCGGACATCCTGAAGTCTACATCCTAATTCTA
JF312086	JF312086	CTTATACCTAATCTTTGGCGCTTGAGCCGGCATAGTAGGCACCGCCCTCAGCCTACTCATCCGTGCAGAACTCGGCCAACCAGGCACACTTCTAGGTGACGATCAAATCTACAATGTAATCGTCACCGCACATGCCTTTGTAATAATCTTTTTTATGGTCATACCAATTATAATCGGAGGATTCGGAAACTGACTTGTACCACTCATAATCGGCGCCCCCGACATAGCCTTCCCACGCATAAACAACATAAGTTTCTGATTACTCCCCCCATCCTTTCTTCTCCTACTAGCTTCTTCAACAGTAGAAGCAGGAGCTGGCACAGGATGGACTGTTTACCCCCCACTAGCCAGCAACATAGCCCATGCTGGCGCCTCAGTAGACCTAGCCATCTTCTCACTACACCTAGCCGGAGTCTCATCCATCCTGGGGGCTATTAACTTCATTACAACCGCTATCAACATAAAACCCCCAGCCCTCTCTCAATATCAAACACCCCTCTTTGTATGGTCCGTTCTCATCACCGCCGTCCTACTACTACTTTCACTTCCAGTACTAGCCGCCGGCATTACTATACTACTCACAGATCGCAACCTCAACACAACATTCTTCGACCCCGCTGGGGGAGGCGACCCCATCCTATACCAACATCTCTTCTGATTCTTCGGACATCCTGAAGTCTACATCCTAATTCTA
JF312099	JF312099	CTTATACCTAATCTTTGGCGCTTGAGCCGGCATAGTAGGCACCGCCCTCAGCCTACTCATCCGTGCAGAACTCGGCCAACCAGGCACACTTCTAGGTGACGATCAAATCTATAATGTAATTGTCACCGCACATGCCTTTGTAATAATCTTTTTTATGGTCATACCAATTATAATCGGAGGATTCGGAAACTGACTTGTACCACTCATAATCGGCGCCCCCGACATAGCCTTCCCACGCATAAACAACATAAGTTTCTGATTACTCCCCCCATCCTTTCTTCTCCTACTAGCTTCTTCAACAGTAGAAGCAGGAGCTGGCACAGGATGGACTGTTTACCCTCCACTAGCCAGCAACATAGCCCATGCTGGCGCCTCAGTAGACCTAGCCATCTTCTCACTACACCTAGCCGGAGCCTCATCCATCCTGGGGGCTATTAACTTCATTACAACCGCTATCAACATAAAACCCCCAGCCCTCTCTCAATATCAAACACCCCTCTTTGTATGGTCCGTTCTCATCACCGCCGTCCTACTACTACTTTCACTTCCAGTCCTAGCCGCCGGCATTACTATACTACTCACAGATCGTAACCTCAACACAACATTCTTCGACCCCGCTGGGGGAGGCGACCCCATCCTATACCAACATCTCTTCTGATTCTTCGGACATCCTGAAGTCTACATCCTAATTCTA
JF312098	JF312098	CTTATACCTAATCTTTGGCGCTTGAGCCGGCATAGTAGGCACCGCCCTCAGCCTACTCATCCGTGCAGAACTCGGCCAACCAGGCACACTTCTAGGTGACGATCAAATCTATAATGTAATTGTCACCGCACATGCCTTTGTAATAATCTTTTTTATGGTCATACCAATTATAATCGGAGGATTCGGAAACTGACTTGTACCACTCATAATCGGCGCCCCCGACATAGCCTTCCCACGCATAAACAACATAAGTTTCTGATTACTCCCCCCATCCTTTCTTCTCCTACTAGCTTCTTCAACAGTAGAAGCAGGAGCTGGCACAGGATGGACTGTTTACCCTCCACTAGCCAGCAACATAGCCCATGCTGGCGCCTCAGTAGACCTAGCCATCTTCTCACTACACCTAGCCGGAGTCTCATCCATCCTGGGGGCTATTAACTTCATTACAACCGCTATCAACATAAAACCCCCAGCCCTCTCTCAATATCAAACACCCCTCTTTGTATGGTCCGTTCTCATCACCGCCGTCCTACTACTACTTTCACTTCCAGTCCTAGCCGCCGGCATTACTATACTACTCACAGATCGTAACCTCAACACAACATTCTTCGACCCCGCTGGGGGAGGCGACCCCATCCTATACCAACATCTCTT
JF312093	JF312093	CTTATACCTAATCTTTGGCGCTTGAGCCGGCATAGTAGGCACCGCCCTCAGCCTACTCATCCGTGCAGAACTCGGCCAACCAGGCACACTTCTAGGTGACGATCAAATCTATAATGTAATTGTCACCGCACATGCCTTTGTAATAATCTTTTTTATGGTCATACCAATTATAATCGGAGGATTCGGAAACTGACTTGTACCACTCATAATCGGCGCCCCCGACATAGCCTTCCCACGCATAAACAACATAAGTTTCTGATTACTCCCCCCATCCTTTCTTCTCCTACTAGCTTCTTCAACAGTAGAAGCAGGAGCTGGCACAGGATGGACTGTTTACCCTCCACTAGCCAGCAACATAGCCCATGCTGGCGCCTCAGTAGACCTAGCCATCTTCTCACTACACCTAGCCGGAGTCTCATCCATCCTGGGGGCTATTAACTTCATTACAACCGCTATCAACATAAAACCCCCAGCCCTCTCTCAATATCAAACACCCCTCTTTGTATGGTCCGTTCTCATCACCGCCGTCCTACTACTACTTTCACTTCCAGTCCTAGCCGCCGGCATTACTATACTACTCACAGATCGTAACCTCAACACAACATTCTTCGACCCCGCTGGGGGAGGCGACCCCATCCTATACCAACATCTCTTCTGATTCTTCGGACATCCTGAAGTCTACATCCTAATTCTA
JF312095	JF312095	CTTATACCTAATCTTTGGCGCTTGAGCCGGCATAGTAGGCACCGCCCTCAGCCTACTCATCCGTGCAGAACTCGGCCAACCAGGCACACTTCTAGGTGACGATCAAATCTATAATGTAATTGTCACCGCACATGCCTTTGTAATAATCTTTTTTATGGTCATACCAATTATAATCGGAGGATTCGGAAACTGACTTGTCCCACTCATAATCGGCGCCCCCGACATAGCCTTCCCGCGCATAAACAACATAAGTTTCTGATTACTCCCCCCATCCTTTCTTCTCCTACTAGCTTCTTCA
JQ175005	JQ175005	CCTATACTTAATCTTCGGCGCGTGAGCTGGTATAGTCGGCACCGCCCTCAGCCTACTTATTCGCGCAGAACTAGGCCAACCCGGTACACTCCTAGGTGACGACCAAATCTATAATGTAATCGTCACCGCACATGCTTTTGTAATAATTTTCTTCATAGTTATACCAATCATAATCGGAGGGTTCGGAAACTGACTCGTCCCACTCATAATTGGTGCCCCCGACATAGCCTTCCCACGCATAAACAACATAAGCTTCTGATTACTCCCCCCATCCTTCCTCCTACTACTAGCCTCCTCAACAGTAGAAGCAGGGGCCGGCACCGGATGAACTGTCTACCCTCCATTAGCCGGCAACATAGCCCATGCTGGGGCCTCAGTAGACCTAGCCATCTTTTCCTTACACCTAGCCGGAGTTTCCTCAATTCTAGGGGCAATCAACTTCATCACAACCGCCATTAATATAAAACCCCCAGCCCTCTCCCAATACCAAACGCCCCTATTCGTATGATCCGTCCTCATCACTGCCGTCCTACTATTACTCTCCCTCCCAGTCCTAGCCGCCGGCATCACCATACTACTCACAGACCGTAACCTCAACACAACATTCTTTGACCCTGCCGGCGGAGGCGATCCCGTCCTATACCAACACCTC
JF312182	JF312182	TCTATACTTAATCTTCGGCGCTTGAGCCGGCATAGTAGGCACCGCCCTCAGCCTACTCATTCGTGCAGAACTCGGCCAACCAGGCACACTCCTAGGTGACGATCAAATCTATAATGTAATTGTCACCGCACATGCTTTTGTAATAATCTTCTTCATGGTCATACCAATTATAATCGGAGGATTCGGAAACTGACTTGTACCACTCATAATCGGCGCCCCCGACATAGCCTTTCCACGCATAAACAACATAAGCTTCTGATTACTCCCTCCATCCTTTCTTCTCCTACTAGCTTCCTCAACAGTAGAAGCAGGAGCTGGCACAGGATGAACTGTCTATCCCCCACTAGCTAGCAACATAGCCCATGCTGGCGCCTCAGTAGATCTAGCCATCTTCTCACTACACCTAGCCGGAGTCTCATCCATCTTAGGGGCTATTAACTTCATTACAACCGCTATCAACATAAAACCCCCAGCCCTCTCCCAATATCAAACACCCCTCTTTGTATGATCTGTTCTCATCACCGCTGTCCTACTACTACTCTCACTTCCAGTCTTAGCCGCCGGCATTACCATACTACTCACAGATCGAAACCTCAACACAACATTCTTTGACCCCGCCGGTGGAGGTGATCCCATCCTATACCAACATCTCTTCTGATTCTTCGGACATCCTGAAGTCTACATCCTAATTCTA
JF312158	JF312158	CCTATACTTAATCTTTGGGGCTTGAGCCGGTATAGTCGGCACCGCCCTTAGCCTACTCATCCGCGCAGAACTTGGCCAACCGGGCACACTTCTAGGTGATGACCAAATCTACAACGTAATCGTCACCGCACATGCCTTCGTAATAATCTTCTTTATAGTCATACCAATTATAATCGGAGGATTTGGAAACTGACTCGTCCCCCTCATAATTGGCGCCCCCGACATAGCCTTCCCACGCATAAACAACATAAGCTTCTGACTACTGCCCCCATCTTTTCTCCTCCTACTAGCCTCCTCAACAGTAGAAGCAGGAGCCGGCACCGGATGAACCGTTTACCCCCCATTAGCCGGCAACATAGCCCACGCTGGAGCCTCAGTAGACCTAGTTATCTTCTCCCTACACCTAGCCGGAGTCTCATCCATCCTAGGAGCTATCAATTTTATCACAACCGCTATCAACATAAAACCCCCAGCCCTCTCTCAATACCAAACACCCCTCTTCGTATGATCTGTTCTCATCACCGCTGTCCTACTACTACTCTCACTCCCAGTCCTAGCTGCCGGCATTACCATACTACTCACAGACCGAAACCTCAACACAACATTCTTCGACCCTGCCGGTGGAGGTGACCCCATCCTATACCAACATCTCTTCTGATTCTTCGGACATCCTGAAGTCTACATCCTAATTCTA
JF312094	JF312094	CTTATACCTAATCTTTGGCGCTTGAGCCGGCATAGTAGGCACCGCCCTCAGCCTACTCATCCGTGCAGAACTCGGCCAACCAGGCACACTTCTAGGTGACGATCAAATCTATAATGTAATTGTCACCGCACATGCCTTTGTAATAATCTTTTTTATGGTCATACCAATTATAATCGGAGGATTCGGAAACTGACTTGTACCACTCATAATCGGCGCCCCCGACATAGCCTTCCCGCGCATAAACAACATAAGTTTCTGATTACTCCCCCCATCCTTTCTTCTCCTACTAGCTTCTTCAACAGTAGAAGCAGGAGCTGGCACAGGATGGACTGTTTACCCCCCACTAGCCAGCAACATAGCCCATGCTGGCGCCTCAGTAGACCTAGCCATCTTCTCACTACACCTAGCCGGAGTCTCATCCATCCTGGGGGCTATTAACTTCATTACAACCGCTATCAACATAAAACCCCCAGCCCTCTCTCAATATCAAACACCCCTTTTTGTATGGTCCGTTCTCATCACCGCCGTCCTACTACTACTTTCACTTCCAGTCCTAGCCGCCGGCATTACTATACTACTCACAGATCGTAACCTCAACACAACATTCTTCGACCCCGCTGGGGGAGGCGACCCCATCCTATACCAACATCTCTTCTGATTCTTCGGACATCCTGAAGTCTACATCCTAATTCTA
JQ173892	JQ173892	CCTGTACCTAATCTTCGGGGCCTGAGCCGGCATAATCGGCACTGCCCTCAGCCTACTTATCCGCGCAGAACTCGGCCAACCAGGCACACTCCTAGGCGACGACCAAATCTATAATGTAATTGTCACCGCACACGCCTTCGTAATAATCTTCTTCATGGTCATACCAATCATAATCGGAGGATTCGGAAACTGACTCGTCCCACTCATAATTGGCGCCCCCGACATAGCCTTCCCACGCATAAATAACATAAGCTTCTGACTACTCCCCCCATCCTTTCTCCTCCTACTAGCCTCCTCAACAGTAGAAGCAGGAGCTGGCACCGGATGAACTGTTTATCCCCCACTAGCTAGCAACATAGCCCACGCCGGAGCCTCAGTAGACCTAGCCATCTTCTCACTACATCTAGCTGGAATCTCGTCCATCTTAGGAGCAATCAACTTTATCACAACCGCCATCAACATAAAACCCCCAGCTCTCTCACAATACCAAACACCCCTATTTGTATGATCCGTCCTTATCACTGCTGTTCTACTACTACTCTCCCTCCCAGTTCTAGCTGCTGGCATTACCATACTACTCACTGACCGAAACCTCAACACTACATTCTTCGACCCTGCTGGCGGAGGTGACCCCATCCTATACCAACATCTC
EF515767	EF515767	ATCTTCGGTGCTTGAGCCGGCATAGTCGGCACCGCCCTTAGCCTACTCATCCGCGCAGAACTTGGTCAACCAGGCACACTTCTAGGTGATGACCAAATCTATAACGTAATCGTCACCGCACATGCCTTCGTAATAATCTTCTTCATGGTCATACCAATTATAATCGGAGGATTCGGAAACTGACTCGTCCCACTCATAATTGGTGCTCCCGACATAGCTTTCCCACGCATAAACAACATAAGCTTCTGACTACTTCCCCCATCCTTCCTCCTCCTACTAGCTTCCTCAACAGTAGAAGCAGGAGCTGGTACAGGATGAACCGTTTATCCCCCACTAGCCAGCAACATAGCCCATGCTGGAGCCTCAGTAGACTTAGCCATCTTCTCTCTCCACCTAGCCGGAATCTCATCCATCCTAGGAGCTATCAACTTCATCACAACCGCCATCAACATAAAACCCCCAGCCCTCTCTCAATACCAAACACCCCTCTTCGTATGATCTGTTCTCATCACCGCCGTTCTACTGTTACTTTCACTTCCCGTCCTAGCCGCCGGCATCACCATACTACTCACCGACCGAAACCTCAACACAACATTCTTCGACCCTGCCGGTGGAGGCGATCCCATCCTATACCAACATCTCTTCTGATTCTTTGGCCATCCTGAAGTTTACATCTTAATCCTACC
AB843326	AB843326	CTTCGGTGCTTGAGCCGGCATAGTCGGCACCGCCCTTAGCCTACTCATCCGCGCAGAACTTGGTCAACCAGGCACACTTCTAGGTGATGACCAAATCTATAACGTAATCGTCACCGCACATGCCTTCGTAATAATCTTCTTCATGGTCATACCAATTATAATCGGAGGATTCGGAAACTGACTCGTCCCACTCATAATTGGTGCTCCCGACATAGCTTTCCCACGCATAAACAACATAAGCTTCTGACTACTTCCCCCATCCTTCCTCCTCCTACTAGCTTCCTCAACAGTAGAAGCAGGAGCTGGCACAGGATGAACCGTTTATCCCCCACTAGCCAGCAACATAGCCCATGCTGGAGCCTCAGTAGACTTAGCCATCTTCTCTCTCCACCTAGCCGGAATCTCATCCATCCTAGGAGCTATCAACTTCATCACAACCGCCATCAACATAAAACCCCCAGCCCTCTCTCAATACCAAACACCCCTCTTCGTATGATCTGTTCTCATCACCGCCGTTCTACTGTTACTTTCACTTCCCGTCCTAGCCGCCGGCATCACCATACTACTCACCGACCGAAACCTCAACACAACATTCTTCGACCCTGCCGGTGGAGGCGATCCCATCCTATACCAACATCTCTTCTGATTCTTTGGCCATCCTGAAGTTTACATCTTAATCC
GU571822	GU571822	CTAATCTTCGGCGCTTGAGCTGGCATAGCCGGCACCGCCCTCAGTCTACTCATTCGTGCAGAACTCGGTCAACCAGGCACCCTTCTAGGTGATGACCAAATCTATAACGTAATCGTCACCGCACATGCCTTTGTAATAATCTTCTTCATAGTCATACCAATCATAATCGGAGGCTTCGGAAACTGACTAGTCCCACTCATAATCGGCGCCCCTGACATAGCCTTCCCACGCATAAATAATATAAGCTTCTGACTACTACCCCCATCTTTCCTCCTCCTACTAGCCTCCTCAACAGTAGAAGCAGGAGCTGGTACCGGATGAACTGTTTACCCCCCATTAGCCGGCAATATAGCCCATGCTGGCGCCTCAGTAGACTTGGCTATCTTCTCCTTACATTTAGCTGGAGTCTCATCCATCCTAGGAGCAATTAACTTCATTACAACCGCTATTAACATAAAACCCCCAGCCCTCTCTCAATACCAAACACCCCTATTCGTATGATCTGTTCTCATTACTGCTGTCCTACTATTACTCTCACTTCCAGTCCTAGCTGCCGGCATCACCATACTACTAACGGACCGAAACCTTAATACAACATTCTTCGACCCTGCCGGCGGGGGCGATCCTATCCTATACCAACACCTCTTC
JF312213	JF312213	CCTATACTTAATCTTTGGGGCTTGAGCCGGTATAGTCGGCACCGCCCTTAGCCTACTCATCCGCGCAGAACTTGGCCAACCGGGCACACTTCTAGGTGATGATCAAATCTACAACGTAATCGTCACCGCACATGCCTTCGTAATAATCTTCTTTATAGTCATACCAATTATAATCGGAGGATTTGGAAACTGACTCGTCCCCCTCATAATTGGCGCCCCCGACATAGCCTTCCCACGCATAAACAACATAAGCTTCTGACTACTGCCCCCATCTTTTCTCCTCCTACTAGCCTCCTCAACAGTAGAAGCAGGAGCTGGCACCGGATGAACCGTTTACCCCCCATTAGCCGGCAACATAGCCCACGCTGGAGCCTCAGTAGACCTAGCTATCTTCTCCCTACACCTAGCCGGAGTCTCATCCATCCTAGGAGCTATCAATTTTATCACAACCGCTATCAACATAAAACCCCCAGCCCTCTCTCAATACCAAACACCCCTCTTCGTATGATCTGTTCTCATCACCGCTGTCCTACTACTACTCTCACTCCCAGTCCTAGCTGCCGGCATTACCATACTACTCACAGACCGAAACCTCAACACAACATTCTTCGACCCTGCCGGTGGAGGTGACCCCATCCTATACCAACATCTCTTCTGATTCTTCGGACATCC
JF312207	JF312207	CCTATACTTAATCTTTGGGGCTTGAGCCGGTATAGTCGGCACCGCCCTTAGCCTACTCATCCGCGCAGAACTTGGCCAACCGGGCACACTTCTAGGTGATGATCAAATCTACAACGTAATCGTCACCGCACATGCCTTCGTAATAATCTTCTTTATAGTCATACCAATTATAATCGGAGGATTTGGAAACTGACTCGTCCCCCTCATAATTGGCGCCCCCGACATAGCCTTCCCACGCATAAACAACATAAGCTTCTGACTACTGCCCCCATCTTTTCTCCTCCTACTAGCCTCCTCAACAGTAGAAGCAGGAGCTGGCACCGGATGAACCGTTTACCCCCCATTAGCCGGCAACATAGCCCACGCTGGAGCCTCAGTAGACCTAGCTATCTTCTCCCTACACCTAGCCGGAGTCTCATCCATCCTAGGAGCTATCAATTTTATCACAACCGCTATCAACATAAAACCCCCAGCCCTCTCTCAATACCAAACACCCCTCTTCGTATGATCTGTTCTCATCACCGCTGTCCTACTACTACTCTCACTCCCAGTCCTAGCTGCCGGCATTACCATACTACTCACAGACCGAAACCTCAACACAACATTCTTCGACCCTGCCGGTGGAGGTGACCCCATCCTATACCAACATCTCTTCTGATTCTTCGGACATCCTGAAGTCTACATCCTAATTCTA
JF312116	JF312116	CCTATACTTAATCTTTGGGGCTTGAGCCGGTATAGTCGGCACCGCCCTTAGCCTACTCATCCGCGCAGAACTTGGCCAACCGGGCACACTTCTAGGTGATGATCAAATCTACAACGTAATCGTCACCGCACATGCCTTCGTAATAATCTTCTTTATAGTCATACCAATTATAATCGGAGGATTTGGAAACTGACTCGTCCCCCTCATAATTGGCGCCCCCGACATAGCCTTCCCACGCATAAACAACATAAGCTTCTGACTACTGCCCCCATCTTTTCTCCTCCTACTAGCCTCCTCA
JF312092	JF312092	CCTATACTTAATCTTTGGTGCTTGAGCCGGCATAGTCGGCACCGCCCTTAGCCTACTCATCCGCGCAGAACTTGGTCAACCAGGCACACTTCTAGGCGATGACCAAATCTACAACGTAATCGTCACCGCACATGCCTTTGTAATAATCTTCTTTATAGTCATACCAATTATAATCGGAGGATTCGGAAACTGACTCGTCCCCCTCATAATTGGCGCCCCCGACATAGCCTTCCCACGCATAAATAACATGAGTTTCTGACTACTACCCCCATCCTTCCTCCTCCTACTAGCCTCCTCA
